Date,Price
6/29/2010,23.889999
6/30/2010,23.83
7/1/2010,21.959999
7/2/2010,19.200001
7/6/2010,16.110001
7/7/2010,15.8
7/8/2010,17.459999
7/9/2010,17.4
7/12/2010,17.049999
7/13/2010,18.139999
7/14/2010,19.84
7/15/2010,19.889999
7/16/2010,20.639999
7/19/2010,21.91
7/20/2010,20.299999
7/21/2010,20.219999
7/22/2010,21
7/23/2010,21.290001
7/26/2010,20.950001
7/27/2010,20.549999
7/28/2010,20.719999
7/29/2010,20.35
7/30/2010,19.940001
8/2/2010,20.92
8/3/2010,21.950001
8/4/2010,21.26
8/5/2010,20.450001
8/6/2010,19.59
8/9/2010,19.6
8/10/2010,19.030001
8/11/2010,17.9
8/12/2010,17.6
8/13/2010,18.32
8/16/2010,18.780001
8/17/2010,19.15
8/18/2010,18.77
8/19/2010,18.790001
8/20/2010,19.1
8/23/2010,20.129999
8/24/2010,19.200001
8/25/2010,19.9
8/26/2010,19.75
8/27/2010,19.700001
8/30/2010,19.870001
8/31/2010,19.48
9/1/2010,20.450001
9/2/2010,21.059999
9/3/2010,21.049999
9/7/2010,20.540001
9/8/2010,20.9
9/9/2010,20.709999
9/10/2010,20.17
9/13/2010,20.719999
9/14/2010,21.120001
9/15/2010,21.98
9/16/2010,20.940001
9/17/2010,20.23
9/20/2010,21.059999
9/21/2010,20.77
9/22/2010,19.870001
9/23/2010,19.559999
9/24/2010,20.1
9/27/2010,20.530001
9/28/2010,21.4
9/29/2010,21.98
9/30/2010,20.41
10/1/2010,20.6
10/4/2010,20.99
10/5/2010,21.120001
10/6/2010,20.459999
10/7/2010,20.43
10/8/2010,20.43
10/11/2010,20.24
10/12/2010,20.24
10/13/2010,20.540001
10/14/2010,20.75
10/15/2010,20.540001
10/18/2010,20.23
10/19/2010,20.049999
10/20/2010,20.65
10/21/2010,20.75
10/22/2010,20.719999
10/25/2010,20.85
10/26/2010,21.360001
10/27/2010,21
10/28/2010,21.190001
10/29/2010,21.84
11/1/2010,21.41
11/2/2010,21.25
11/3/2010,21.77
11/4/2010,24.9
11/5/2010,24.440001
11/8/2010,24.98
11/9/2010,24.629999
11/10/2010,29.360001
11/11/2010,28.040001
11/12/2010,29.84
11/15/2010,30.799999
11/16/2010,29.67
11/17/2010,29.49
11/18/2010,29.889999
11/19/2010,30.99
11/22/2010,33.400002
11/23/2010,34.57
11/24/2010,35.470001
11/26/2010,35.32
11/29/2010,34.330002
11/30/2010,35.330002
12/1/2010,34.349998
12/2/2010,32.349998
12/3/2010,31.49
12/6/2010,30.309999
12/7/2010,31.559999
12/8/2010,32.369999
12/9/2010,32.049999
12/10/2010,31.52
12/13/2010,30.549999
12/14/2010,28.530001
12/15/2010,29.6
12/16/2010,30.809999
12/17/2010,31.360001
12/20/2010,31.700001
12/21/2010,32.259998
12/22/2010,32.630001
12/23/2010,30.09
12/27/2010,25.549999
12/28/2010,26.41
12/29/2010,27.73
12/30/2010,26.5
12/31/2010,26.629999
1/3/2011,26.620001
1/4/2011,26.67
1/5/2011,26.83
1/6/2011,27.879999
1/7/2011,28.24
1/10/2011,28.450001
1/11/2011,26.959999
1/12/2011,26.959999
1/13/2011,26.219999
1/14/2011,25.75
1/18/2011,25.639999
1/19/2011,24.030001
1/20/2011,22.620001
1/21/2011,23.040001
1/24/2011,24.49
1/25/2011,24.68
1/26/2011,24.75
1/27/2011,24.92
1/28/2011,24.01
1/31/2011,24.1
2/1/2011,23.91
2/2/2011,23.940001
2/3/2011,23.629999
2/4/2011,23.459999
2/7/2011,23.07
2/8/2011,24.49
2/9/2011,23.209999
2/10/2011,23.219999
2/11/2011,23.25
2/14/2011,23.08
2/15/2011,22.84
2/16/2011,24.73
2/17/2011,23.6
2/18/2011,23.18
2/22/2011,21.870001
2/23/2011,21.83
2/24/2011,22.530001
2/25/2011,23.610001
2/28/2011,23.889999
3/1/2011,23.940001
3/2/2011,24.02
3/3/2011,24.360001
3/4/2011,24.950001
3/7/2011,24.940001
3/8/2011,24.66
3/9/2011,24.719999
3/10/2011,24.01
3/11/2011,24.07
3/14/2011,23.25
3/15/2011,22.950001
3/16/2011,22.82
3/17/2011,22.809999
3/18/2011,22.959999
3/21/2011,22.73
3/22/2011,22.190001
3/23/2011,22.209999
3/24/2011,22.33
3/25/2011,22.75
3/28/2011,23.25
3/29/2011,23.92
3/30/2011,23.709999
3/31/2011,27.75
4/1/2011,26.66
4/4/2011,25.83
4/5/2011,26.700001
4/6/2011,26.49
4/7/2011,27.24
4/8/2011,26.49
4/11/2011,25.27
4/12/2011,24.65
4/13/2011,24.93
4/14/2011,25.139999
4/15/2011,25.58
4/18/2011,25.030001
4/19/2011,25.16
4/20/2011,25.75
4/21/2011,26.74
4/25/2011,26.389999
4/26/2011,26.93
4/27/2011,27.08
4/28/2011,27.66
4/29/2011,27.6
5/2/2011,27.450001
5/3/2011,26.870001
5/4/2011,26.690001
5/5/2011,26.440001
5/6/2011,27.120001
5/9/2011,27.91
5/10/2011,28.33
5/11/2011,27.07
5/12/2011,27.67
5/13/2011,27.549999
5/16/2011,26.6
5/17/2011,25.959999
5/18/2011,26.35
5/19/2011,28.200001
5/20/2011,27.969999
5/23/2011,26.82
5/24/2011,26.719999
5/25/2011,28.98
5/26/2011,29.48
5/27/2011,29.549999
5/31/2011,30.139999
6/1/2011,28.52
6/2/2011,28.76
6/3/2011,30.129999
6/6/2011,28.700001
6/7/2011,28.370001
6/8/2011,27.120001
6/9/2011,27.620001
6/10/2011,27.860001
6/13/2011,28.43
6/14/2011,28.6
6/15/2011,27.32
6/16/2011,26.5
6/17/2011,26.5
6/20/2011,26.01
6/21/2011,27.530001
6/22/2011,27.209999
6/23/2011,27.709999
6/24/2011,27.57
6/27/2011,27.459999
6/28/2011,28.110001
6/29/2011,28.290001
6/30/2011,29.129999
7/1/2011,29.02
7/5/2011,29.139999
7/6/2011,28.959999
7/7/2011,29.73
7/8/2011,28.809999
7/11/2011,28.35
7/12/2011,28.17
7/13/2011,28.639999
7/14/2011,27.610001
7/15/2011,27.58
7/18/2011,27.23
7/19/2011,27.889999
7/20/2011,28.690001
7/21/2011,28.700001
7/22/2011,29.290001
7/25/2011,28.49
7/26/2011,28
7/27/2011,27.639999
7/28/2011,28.17
7/29/2011,28.17
8/1/2011,28.77
8/2/2011,27.34
8/3/2011,27.200001
8/4/2011,24.75
8/5/2011,24.24
8/8/2011,23.639999
8/9/2011,25.059999
8/10/2011,23.82
8/11/2011,25.299999
8/12/2011,26.309999
8/15/2011,26.23
8/16/2011,26.1
8/17/2011,25.83
8/18/2011,24.26
8/19/2011,22.299999
8/22/2011,21.950001
8/23/2011,22.959999
8/24/2011,23.870001
8/25/2011,23.110001
8/26/2011,23.73
8/29/2011,24.709999
8/30/2011,24.629999
8/31/2011,24.74
9/1/2011,24
9/2/2011,23.07
9/6/2011,22.940001
9/7/2011,23.84
9/8/2011,23.610001
9/9/2011,22.969999
9/12/2011,22.879999
9/13/2011,24.08
9/14/2011,24.34
9/15/2011,24.82
9/16/2011,25.799999
9/19/2011,25.77
9/20/2011,26.01
9/21/2011,25.85
9/22/2011,25.629999
9/23/2011,26.379999
9/26/2011,25.52
9/27/2011,26.190001
9/28/2011,24.59
9/29/2011,24.120001
9/30/2011,24.389999
10/3/2011,23.73
10/4/2011,23.66
10/5/2011,25.370001
10/6/2011,26.959999
10/7/2011,26.99
10/10/2011,27.879999
10/11/2011,27.610001
10/12/2011,27.799999
10/13/2011,27.940001
10/14/2011,28.049999
10/17/2011,27.42
10/18/2011,28.34
10/19/2011,27.57
10/20/2011,27.34
10/21/2011,28.030001
10/24/2011,28.549999
10/25/2011,28.25
10/26/2011,27.98
10/27/2011,28.76
10/28/2011,29.870001
10/31/2011,29.370001
11/1/2011,28.879999
11/2/2011,28.709999
11/3/2011,32.459999
11/4/2011,32.310001
11/7/2011,31.27
11/8/2011,31.84
11/9/2011,30.879999
11/10/2011,31.33
11/11/2011,33.639999
11/14/2011,33.220001
11/15/2011,33.93
11/16/2011,34.939999
11/17/2011,33.68
11/18/2011,32.599998
11/21/2011,31.76
11/22/2011,32.07
11/23/2011,31.450001
11/25/2011,31.66
11/28/2011,32.560001
11/29/2011,31.75
11/30/2011,32.740002
12/1/2011,32.599998
12/2/2011,33.299999
12/5/2011,34.419998
12/6/2011,34.869999
12/7/2011,34.189999
12/8/2011,30.889999
12/9/2011,31.040001
12/12/2011,30.41
12/13/2011,29.450001
12/14/2011,28.530001
12/15/2011,28.620001
12/16/2011,28
12/19/2011,27.75
12/20/2011,27.9
12/21/2011,27.57
12/22/2011,27.77
12/23/2011,27.9
12/27/2011,28.57
12/28/2011,28.51
12/29/2011,28.73
12/30/2011,28.559999
1/3/2012,28.08
1/4/2012,27.709999
1/5/2012,27.120001
1/6/2012,26.91
1/9/2012,27.25
1/10/2012,27.620001
1/11/2012,28.23
1/12/2012,28.25
1/13/2012,22.790001
1/17/2012,26.6
1/18/2012,26.809999
1/19/2012,26.76
1/20/2012,26.6
1/23/2012,26.77
1/24/2012,27.42
1/25/2012,27.969999
1/26/2012,28.940001
1/27/2012,29.33
1/30/2012,29.57
1/31/2012,29.07
2/1/2012,29.58
2/2/2012,30.25
2/3/2012,31.15
2/6/2012,31.799999
2/7/2012,31.6
2/8/2012,31.93
2/9/2012,32.580002
2/10/2012,31.1
2/13/2012,31.49
2/14/2012,33.169998
2/15/2012,33.599998
2/16/2012,34.18
2/17/2012,34.970001
2/21/2012,34.5
2/22/2012,34.220001
2/23/2012,34.529999
2/24/2012,33.75
2/27/2012,33.619999
2/28/2012,33.810001
2/29/2012,33.41
3/1/2012,34.41
3/2/2012,34.040001
3/5/2012,33.77
3/6/2012,33.110001
3/7/2012,33.119999
3/8/2012,33.07
3/9/2012,34.740002
3/12/2012,36.009998
3/13/2012,36.09
3/14/2012,35.290001
3/15/2012,35
3/16/2012,35.32
3/19/2012,34.98
3/20/2012,34.959999
3/21/2012,35.150002
3/22/2012,34.400002
3/23/2012,34.080002
3/26/2012,37.400002
3/27/2012,37.939999
3/28/2012,37.849998
3/29/2012,37.330002
3/30/2012,37.240002
4/2/2012,36.580002
4/3/2012,38.009998
4/4/2012,35
4/5/2012,34.48
4/9/2012,33.150002
4/10/2012,32.459999
4/11/2012,33.09
4/12/2012,33.439999
4/13/2012,33.59
4/16/2012,32.25
4/17/2012,32.240002
4/18/2012,32.66
4/19/2012,33.16
4/20/2012,33.16
4/23/2012,31.940001
4/24/2012,31.82
4/25/2012,32.91
4/26/2012,33.490002
4/27/2012,33.34
4/30/2012,33.130001
5/1/2012,33.779999
5/2/2012,33.939999
5/3/2012,32.459999
5/4/2012,31.83
5/7/2012,32.470001
5/8/2012,30.190001
5/9/2012,30.059999
5/10/2012,32.959999
5/11/2012,32.25
5/14/2012,30.059999
5/15/2012,29.43
5/16/2012,29.18
5/17/2012,28.57
5/18/2012,27.559999
5/21/2012,28.77
5/22/2012,30.799999
5/23/2012,31.02
5/24/2012,30.280001
5/25/2012,29.809999
5/29/2012,31.690001
5/30/2012,30.41
5/31/2012,29.5
6/1/2012,28.15
6/4/2012,27.879999
6/5/2012,27.91
6/6/2012,29.219999
6/7/2012,28.93
6/8/2012,30.08
6/11/2012,29.120001
6/12/2012,29.66
6/13/2012,29.77
6/14/2012,29.389999
6/15/2012,29.91
6/18/2012,31.84
6/19/2012,32.09
6/20/2012,33.779999
6/21/2012,32.189999
6/22/2012,33.790001
6/25/2012,33.110001
6/26/2012,31.610001
6/27/2012,31.959999
6/28/2012,31.41
6/29/2012,31.290001
7/2/2012,30.4
7/3/2012,30.66
7/5/2012,31.23
7/6/2012,30.99
7/9/2012,31.49
7/10/2012,31.27
7/11/2012,31.51
7/12/2012,32.700001
7/13/2012,34.25
7/16/2012,35.959999
7/17/2012,33.349998
7/18/2012,32.150002
7/19/2012,32.27
7/20/2012,31.790001
7/23/2012,30.66
7/24/2012,29.84
7/25/2012,28.950001
7/26/2012,28.129999
7/27/2012,29.51
7/30/2012,27.35
7/31/2012,27.42
8/1/2012,26.25
8/2/2012,26.1
8/3/2012,27.27
8/6/2012,28.27
8/7/2012,30.25
8/8/2012,29.09
8/9/2012,29.41
8/10/2012,29.940001
8/13/2012,31.17
8/14/2012,29.42
8/15/2012,29.4
8/16/2012,30.299999
8/17/2012,30.01
8/20/2012,29.51
8/21/2012,29.110001
8/22/2012,29.950001
8/23/2012,30.73
8/24/2012,29.5
8/27/2012,28.32
8/28/2012,28.690001
8/29/2012,28.41
8/30/2012,28.41
8/31/2012,28.52
9/4/2012,28.139999
9/5/2012,27.940001
9/6/2012,28.549999
9/7/2012,29.35
9/10/2012,27.370001
9/11/2012,27.799999
9/12/2012,28.280001
9/13/2012,29.48
9/14/2012,30.389999
9/17/2012,32.540001
9/18/2012,31.34
9/19/2012,31.049999
9/20/2012,30.9
9/21/2012,30.02
9/24/2012,30.66
9/25/2012,27.66
9/26/2012,27.540001
9/27/2012,28.49
9/28/2012,29.280001
10/1/2012,29.16
10/2/2012,29.799999
10/3/2012,29.299999
10/4/2012,29.4
10/5/2012,28.889999
10/8/2012,29.25
10/9/2012,28.370001
10/10/2012,28.4
10/11/2012,28.32
10/12/2012,27.639999
10/15/2012,27.33
10/16/2012,28.059999
10/17/2012,28.82
10/18/2012,28.040001
10/19/2012,27.74
10/22/2012,27.85
10/23/2012,28.389999
10/24/2012,27.42
10/25/2012,27.52
10/26/2012,27.379999
10/31/2012,28.129999
11/1/2012,29.25
11/2/2012,28.92
11/5/2012,31.5
11/6/2012,31.15
11/7/2012,31.540001
11/8/2012,31.309999
11/9/2012,30.32
11/12/2012,31.07
11/13/2012,31.610001
11/14/2012,31.379999
11/15/2012,30.82
11/16/2012,31.84
11/19/2012,32.919998
11/20/2012,33
11/21/2012,32.470001
11/23/2012,32.130001
11/26/2012,32.27
11/27/2012,32.150002
11/28/2012,33.23
11/29/2012,33.689999
11/30/2012,33.82
12/3/2012,34.619999
12/4/2012,33.900002
12/5/2012,33.709999
12/6/2012,33.900002
12/7/2012,34.169998
12/10/2012,34.57
12/11/2012,35.279999
12/12/2012,35.259998
12/13/2012,33.610001
12/14/2012,33.810001
12/17/2012,34.400002
12/18/2012,34.59
12/19/2012,34.610001
12/20/2012,34.43
12/21/2012,34
12/24/2012,34.279999
12/26/2012,33.59
12/27/2012,33.689999
12/28/2012,33.220001
12/31/2012,33.869999
1/2/2013,35.360001
1/3/2013,34.77
1/4/2013,34.400002
1/7/2013,34.34
1/8/2013,33.68
1/9/2013,33.639999
1/10/2013,33.529999
1/11/2013,32.91
1/14/2013,33.259998
1/15/2013,33.900002
1/16/2013,34.099998
1/17/2013,34.380001
1/18/2013,34.52
1/22/2013,35.189999
1/23/2013,36
1/24/2013,36.990002
1/25/2013,36.98
1/28/2013,38.029999
1/29/2013,37.950001
1/30/2013,37.52
1/31/2013,37.509998
2/1/2013,38.299999
2/4/2013,37.740002
2/5/2013,38.130001
2/6/2013,39.169998
2/7/2013,39.48
2/8/2013,39.240002
2/11/2013,38.419998
2/12/2013,37.889999
2/13/2013,38.450001
2/14/2013,38.27
2/15/2013,37.040001
2/19/2013,39.279999
2/20/2013,38.540001
2/21/2013,35.16
2/22/2013,36.110001
2/25/2013,34.380001
2/26/2013,34.43
2/27/2013,35.099998
2/28/2013,34.830002
3/1/2013,34.650002
3/4/2013,35.580002
3/5/2013,36.650002
3/6/2013,37.689999
3/7/2013,38.23
3/8/2013,38.470001
3/11/2013,39.099998
3/12/2013,39.119999
3/13/2013,38.98
3/14/2013,36.849998
3/15/2013,35.290001
3/18/2013,35.150002
3/19/2013,35.080002
3/20/2013,35.950001
3/21/2013,36.009998
3/22/2013,36.619999
3/25/2013,37.529999
3/26/2013,37.860001
3/27/2013,38.16
3/28/2013,37.889999
4/1/2013,43.93
4/2/2013,44.34
4/3/2013,41.099998
4/4/2013,42.009998
4/5/2013,41.369999
4/8/2013,41.830002
4/9/2013,40.5
4/10/2013,41.860001
4/11/2013,43.59
4/12/2013,43.75
4/15/2013,43.299999
4/16/2013,45.59
4/17/2013,45.450001
4/18/2013,46.970001
4/19/2013,47.830002
4/22/2013,50.189999
4/23/2013,51.009998
4/24/2013,50.43
4/25/2013,52
4/26/2013,51.200001
4/29/2013,54.939999
4/30/2013,53.990002
5/1/2013,53.279999
5/2/2013,54.110001
5/3/2013,54.549999
5/6/2013,59.5
5/7/2013,55.509998
5/8/2013,55.790001
5/9/2013,69.400002
5/10/2013,76.760002
5/13/2013,87.800003
5/14/2013,83.239998
5/15/2013,84.839996
5/16/2013,92.25
5/17/2013,91.5
5/20/2013,89.940002
5/21/2013,87.589996
5/22/2013,87.239998
5/23/2013,92.730003
5/24/2013,97.080002
5/28/2013,110.330002
5/29/2013,104.629997
5/30/2013,104.949997
5/31/2013,97.760002
6/3/2013,92.589996
6/4/2013,94.839996
6/5/2013,95.370003
6/6/2013,97.349998
6/7/2013,102.040001
6/10/2013,100.050003
6/11/2013,94.470001
6/12/2013,97.730003
6/13/2013,98.18
6/14/2013,100.300003
6/17/2013,102.199997
6/18/2013,103.389999
6/19/2013,104.68
6/20/2013,100.650002
6/21/2013,99.550003
6/24/2013,101.489998
6/25/2013,102.400002
6/26/2013,105.720001
6/27/2013,109.25
6/28/2013,107.360001
7/1/2013,117.18
7/2/2013,117.82
7/3/2013,115.239998
7/5/2013,120.089996
7/8/2013,121.610001
7/9/2013,123.449997
7/10/2013,122.269997
7/11/2013,125.610001
7/12/2013,129.899994
7/15/2013,127.260002
7/16/2013,109.050003
7/17/2013,120.25
7/18/2013,119.029999
7/19/2013,119.68
7/22/2013,122.43
7/23/2013,122.739998
7/24/2013,121.699997
7/25/2013,124.07
7/26/2013,129.389999
7/29/2013,134.619995
7/30/2013,131.740005
7/31/2013,134.279999
8/1/2013,135.550003
8/2/2013,138
8/5/2013,144.679993
8/6/2013,142.149994
8/7/2013,134.229996
8/8/2013,153.479996
8/9/2013,153
8/12/2013,147.380005
8/13/2013,145.429993
8/14/2013,139.360001
8/15/2013,139.669998
8/16/2013,142
8/19/2013,144.899994
8/20/2013,149.580002
8/21/2013,147.860001
8/22/2013,157.100006
8/23/2013,161.839996
8/26/2013,164.220001
8/27/2013,167.009995
8/28/2013,166.449997
8/29/2013,166.059998
8/30/2013,169
9/3/2013,168.940002
9/4/2013,170.619995
9/5/2013,169.929993
9/6/2013,166.970001
9/9/2013,160.699997
9/10/2013,166.369995
9/11/2013,163.520004
9/12/2013,164.929993
9/13/2013,165.539993
9/16/2013,166.580002
9/17/2013,166.229996
9/18/2013,166.220001
9/19/2013,177.919998
9/20/2013,183.389999
9/23/2013,181.110001
9/24/2013,182.330002
9/25/2013,185.240005
9/26/2013,188.639999
9/27/2013,190.899994
9/30/2013,193.369995
10/1/2013,193
10/2/2013,180.949997
10/3/2013,173.309998
10/4/2013,180.979996
10/7/2013,183.070007
10/8/2013,174.729996
10/9/2013,168.779999
10/10/2013,172.929993
10/11/2013,178.699997
10/14/2013,179.720001
10/15/2013,183.940002
10/16/2013,183.559998
10/17/2013,182.800003
10/18/2013,183.399994
10/21/2013,172.600006
10/22/2013,171.539993
10/23/2013,164.5
10/24/2013,173.149994
10/25/2013,169.660004
10/28/2013,162.860001
10/29/2013,164.470001
10/30/2013,159.220001
10/31/2013,159.940002
11/1/2013,162.169998
11/4/2013,175.199997
11/5/2013,176.809998
11/6/2013,151.160004
11/7/2013,139.770004
11/8/2013,137.949997
11/11/2013,144.699997
11/12/2013,137.800003
11/13/2013,138.699997
11/14/2013,137.600006
11/15/2013,135.449997
11/18/2013,121.580002
11/19/2013,126.089996
11/20/2013,121.110001
11/21/2013,122.099998
11/22/2013,121.379997
11/25/2013,120.839996
11/26/2013,120.5
11/27/2013,126.940002
11/29/2013,127.279999
12/2/2013,124.169998
12/3/2013,144.699997
12/4/2013,138.949997
12/5/2013,140.479996
12/6/2013,137.360001
12/9/2013,141.600006
12/10/2013,142.190002
12/11/2013,139.649994
12/12/2013,147.470001
12/13/2013,147.649994
12/16/2013,147.940002
12/17/2013,152.460007
12/18/2013,147.979996
12/19/2013,140.720001
12/20/2013,143.240005
12/23/2013,143.550003
12/24/2013,151.410004
12/26/2013,155.5
12/27/2013,151.119995
12/30/2013,152.440002
12/31/2013,150.429993
1/2/2014,150.100006
1/3/2014,149.559998
1/6/2014,147
1/7/2014,149.360001
1/8/2014,151.279999
1/9/2014,147.529999
1/10/2014,145.720001
1/13/2014,139.339996
1/14/2014,161.270004
1/15/2014,164.130005
1/16/2014,170.970001
1/17/2014,170.009995
1/21/2014,176.679993
1/22/2014,178.559998
1/23/2014,181.5
1/24/2014,174.600006
1/27/2014,169.619995
1/28/2014,178.380005
1/29/2014,175.229996
1/30/2014,182.839996
1/31/2014,181.410004
2/3/2014,177.110001
2/4/2014,178.729996
2/5/2014,174.419998
2/6/2014,178.380005
2/7/2014,186.529999
2/10/2014,196.559998
2/11/2014,196.619995
2/12/2014,195.320007
2/13/2014,199.630005
2/14/2014,198.229996
2/18/2014,203.699997
2/19/2014,193.639999
2/20/2014,209.970001
2/21/2014,209.600006
2/24/2014,217.649994
2/25/2014,248
2/26/2014,253
2/27/2014,252.539993
2/28/2014,244.809998
3/3/2014,250.559998
3/4/2014,254.839996
3/5/2014,252.660004
3/6/2014,252.940002
3/7/2014,246.210007
3/10/2014,238.839996
3/11/2014,234.410004
3/12/2014,241.490005
3/13/2014,237.789993
3/14/2014,230.970001
3/17/2014,233.979996
3/18/2014,240.039993
3/19/2014,235.839996
3/20/2014,234.910004
3/21/2014,228.889999
3/24/2014,220.169998
3/25/2014,220.440002
3/26/2014,212.960007
3/27/2014,207.320007
3/28/2014,212.369995
3/31/2014,208.449997
4/1/2014,216.970001
4/2/2014,230.289993
4/3/2014,225.399994
4/4/2014,212.229996
4/7/2014,207.520004
4/8/2014,215.460007
4/9/2014,216.929993
4/10/2014,204.190002
4/11/2014,203.779999
4/14/2014,198.089996
4/15/2014,193.910004
4/16/2014,199.110001
4/17/2014,198.119995
4/21/2014,204.380005
4/22/2014,218.639999
4/23/2014,207.990005
4/24/2014,207.860001
4/25/2014,199.850006
4/28/2014,198.509995
4/29/2014,206.919998
4/30/2014,207.889999
5/1/2014,207.729996
5/2/2014,210.910004
5/5/2014,216.610001
5/6/2014,207.279999
5/7/2014,201.350006
5/8/2014,178.589996
5/9/2014,182.259995
5/12/2014,184.669998
5/13/2014,190.160004
5/14/2014,190.619995
5/15/2014,188.589996
5/16/2014,191.559998
5/19/2014,196.089996
5/20/2014,195.300003
5/21/2014,199.449997
5/22/2014,204.880005
5/23/2014,207.300003
5/27/2014,211.559998
5/28/2014,210.240005
5/29/2014,210.240005
5/30/2014,207.770004
6/2/2014,204.699997
6/3/2014,204.940002
6/4/2014,203.990005
6/5/2014,206.899994
6/6/2014,208.169998
6/9/2014,205.309998
6/10/2014,202.300003
6/11/2014,204.470001
6/12/2014,203.520004
6/13/2014,206.419998
6/16/2014,224.610001
6/17/2014,231.669998
6/18/2014,227.119995
6/19/2014,227.789993
6/20/2014,229.589996
6/23/2014,237.220001
6/24/2014,232.5
6/25/2014,236.889999
6/26/2014,235.600006
6/27/2014,239.059998
6/30/2014,240.059998
7/1/2014,239.720001
7/2/2014,229.429993
7/3/2014,229.25
7/7/2014,222.660004
7/8/2014,219.070007
7/9/2014,223.059998
7/10/2014,219.460007
7/11/2014,218.130005
7/14/2014,226.699997
7/15/2014,219.580002
7/16/2014,217.160004
7/17/2014,215.399994
7/18/2014,220.020004
7/21/2014,220.539993
7/22/2014,219.580002
7/23/2014,222.490005
7/24/2014,223.539993
7/25/2014,223.570007
7/28/2014,224.820007
7/29/2014,225.009995
7/30/2014,228.919998
7/31/2014,223.300003
8/1/2014,233.270004
8/4/2014,238.520004
8/5/2014,238.490005
8/6/2014,248.929993
8/7/2014,252.389999
8/8/2014,248.130005
8/11/2014,259.320007
8/12/2014,259.959991
8/13/2014,260.309998
8/14/2014,261.380005
8/15/2014,262.01001
8/18/2014,259.940002
8/19/2014,256.76001
8/20/2014,255.710007
8/21/2014,254.339996
8/22/2014,256.779999
8/25/2014,262.549988
8/26/2014,261.73999
8/27/2014,263.25
8/28/2014,263.859985
8/29/2014,269.700012
9/2/2014,284.119995
9/3/2014,281.190002
9/4/2014,286.040009
9/5/2014,277.390015
9/8/2014,282.109985
9/9/2014,278.480011
9/10/2014,281.100006
9/11/2014,280.309998
9/12/2014,279.200012
9/15/2014,253.860001
9/16/2014,260.73999
9/17/2014,261.380005
9/18/2014,263.820007
9/19/2014,259.320007
9/22/2014,250.029999
9/23/2014,250.410004
9/24/2014,252.139999
9/25/2014,246.949997
9/26/2014,246.600006
9/29/2014,245.259995
9/30/2014,242.679993
10/1/2014,240.240005
10/2/2014,251.419998
10/3/2014,255.210007
10/6/2014,260.619995
10/7/2014,259.570007
10/8/2014,259.279999
10/9/2014,257.01001
10/10/2014,236.910004
10/13/2014,224.589996
10/14/2014,227.059998
10/15/2014,229.699997
10/16/2014,226.350006
10/17/2014,227.479996
10/20/2014,230.470001
10/21/2014,235.339996
10/22/2014,231.100006
10/23/2014,235.289993
10/24/2014,235.240005
10/27/2014,221.669998
10/28/2014,242.770004
10/29/2014,238.100006
10/30/2014,238.660004
10/31/2014,241.699997
11/3/2014,242.589996
11/4/2014,238.929993
11/5/2014,230.970001
11/6/2014,241.220001
11/7/2014,240.199997
11/10/2014,241.929993
11/11/2014,251.080002
11/12/2014,249.100006
11/13/2014,251.699997
11/14/2014,258.679993
11/17/2014,253.979996
11/18/2014,257.700012
11/19/2014,247.740005
11/20/2014,248.710007
11/21/2014,242.779999
11/24/2014,246.720001
11/25/2014,248.089996
11/26/2014,248.440002
11/28/2014,244.520004
12/1/2014,231.639999
12/2/2014,231.429993
12/3/2014,229.300003
12/4/2014,228.279999
12/5/2014,223.710007
12/8/2014,214.360001
12/9/2014,216.889999
12/10/2014,209.839996
12/11/2014,208.880005
12/12/2014,207
12/15/2014,204.039993
12/16/2014,197.809998
12/17/2014,205.820007
12/18/2014,218.259995
12/19/2014,219.289993
12/22/2014,222.600006
12/23/2014,220.970001
12/24/2014,222.259995
12/26/2014,227.820007
12/29/2014,225.710007
12/30/2014,222.229996
12/31/2014,222.410004
1/2/2015,219.309998
1/5/2015,210.089996
1/6/2015,211.279999
1/7/2015,210.949997
1/8/2015,210.619995
1/9/2015,206.660004
1/12/2015,202.210007
1/13/2015,204.25
1/14/2015,192.690002
1/15/2015,191.869995
1/16/2015,193.070007
1/20/2015,191.929993
1/21/2015,196.570007
1/22/2015,201.619995
1/23/2015,201.289993
1/26/2015,206.550003
1/27/2015,205.979996
1/28/2015,199.369995
1/29/2015,205.199997
1/30/2015,203.600006
2/2/2015,210.940002
2/3/2015,218.360001
2/4/2015,218.550003
2/5/2015,220.990005
2/6/2015,217.360001
2/9/2015,217.479996
2/10/2015,216.289993
2/11/2015,212.800003
2/12/2015,202.880005
2/13/2015,203.770004
2/17/2015,204.350006
2/18/2015,204.460007
2/19/2015,211.710007
2/20/2015,217.110001
2/23/2015,207.339996
2/24/2015,204.110001
2/25/2015,203.759995
2/26/2015,207.190002
2/27/2015,203.339996
3/2/2015,197.330002
3/3/2015,199.559998
3/4/2015,202.440002
3/5/2015,200.630005
3/6/2015,193.880005
3/9/2015,190.880005
3/10/2015,190.320007
3/11/2015,193.740005
3/12/2015,191.070007
3/13/2015,188.679993
3/16/2015,195.699997
3/17/2015,194.729996
3/18/2015,200.710007
3/19/2015,195.649994
3/20/2015,198.080002
3/23/2015,199.630005
3/24/2015,201.720001
3/25/2015,194.300003
3/26/2015,190.410004
3/27/2015,185
3/30/2015,190.570007
3/31/2015,188.770004
4/1/2015,187.589996
4/2/2015,191
4/6/2015,203.100006
4/7/2015,203.25
4/8/2015,207.669998
4/9/2015,210.089996
4/10/2015,210.899994
4/13/2015,209.779999
4/14/2015,207.460007
4/15/2015,207.830002
4/16/2015,206.699997
4/17/2015,206.789993
4/20/2015,205.270004
4/21/2015,209.410004
4/22/2015,219.440002
4/23/2015,218.600006
4/24/2015,218.429993
4/27/2015,231.550003
4/28/2015,230.479996
4/29/2015,232.449997
4/30/2015,226.050003
5/1/2015,226.029999
5/4/2015,230.509995
5/5/2015,232.949997
5/6/2015,230.429993
5/7/2015,236.800003
5/8/2015,236.610001
5/11/2015,239.490005
5/12/2015,244.740005
5/13/2015,243.179993
5/14/2015,244.100006
5/15/2015,248.839996
5/18/2015,248.75
5/19/2015,247.139999
5/20/2015,244.350006
5/21/2015,245.619995
5/22/2015,247.729996
5/26/2015,247.460007
5/27/2015,247.429993
5/28/2015,251.449997
5/29/2015,250.800003
6/1/2015,249.449997
6/2/2015,248.350006
6/3/2015,248.990005
6/4/2015,245.919998
6/5/2015,249.139999
6/8/2015,256.290009
6/9/2015,256
6/10/2015,250.699997
6/11/2015,251.410004
6/12/2015,250.690002
6/15/2015,250.380005
6/16/2015,253.119995
6/17/2015,260.410004
6/18/2015,261.890015
6/19/2015,262.51001
6/22/2015,259.790009
6/23/2015,267.670013
6/24/2015,265.170013
6/25/2015,268.790009
6/26/2015,267.089996
6/29/2015,262.019989
6/30/2015,268.26001
7/1/2015,269.149994
7/2/2015,280.019989
7/6/2015,279.720001
7/7/2015,267.880005
7/8/2015,254.960007
7/9/2015,257.920013
7/10/2015,259.149994
7/13/2015,262.160004
7/14/2015,265.649994
7/15/2015,263.140015
7/16/2015,266.679993
7/17/2015,274.660004
7/20/2015,282.26001
7/21/2015,266.769989
7/22/2015,267.869995
7/23/2015,267.200012
7/24/2015,265.410004
7/27/2015,253.009995
7/28/2015,264.820007
7/29/2015,263.820007
7/30/2015,266.790009
7/31/2015,266.149994
8/3/2015,259.98999
8/4/2015,266.279999
8/5/2015,270.130005
8/6/2015,246.130005
8/7/2015,242.509995
8/10/2015,241.139999
8/11/2015,237.369995
8/12/2015,238.169998
8/13/2015,242.509995
8/14/2015,243.149994
8/17/2015,254.990005
8/18/2015,260.720001
8/19/2015,255.25
8/20/2015,242.179993
8/21/2015,230.770004
8/24/2015,218.869995
8/25/2015,220.029999
8/26/2015,224.839996
8/27/2015,242.990005
8/28/2015,248.479996
8/31/2015,249.059998
9/1/2015,238.630005
9/2/2015,247.690002
9/3/2015,245.570007
9/4/2015,241.929993
9/8/2015,248.169998
9/9/2015,248.910004
9/10/2015,248.479996
9/11/2015,250.240005
9/14/2015,253.190002
9/15/2015,253.570007
9/16/2015,262.25
9/17/2015,262.070007
9/18/2015,260.619995
9/21/2015,264.200012
9/22/2015,260.940002
9/23/2015,261.059998
9/24/2015,263.119995
9/25/2015,256.910004
9/28/2015,248.429993
9/29/2015,246.649994
9/30/2015,248.399994
10/1/2015,239.880005
10/2/2015,247.570007
10/5/2015,246.149994
10/6/2015,241.460007
10/7/2015,231.960007
10/8/2015,226.720001
10/9/2015,220.690002
10/12/2015,215.580002
10/13/2015,219.25
10/14/2015,216.880005
10/15/2015,221.309998
10/16/2015,227.009995
10/19/2015,228.100006
10/20/2015,213.029999
10/21/2015,210.089996
10/22/2015,211.720001
10/23/2015,209.089996
10/26/2015,215.259995
10/27/2015,210.350006
10/28/2015,212.960007
10/29/2015,211.630005
10/30/2015,206.929993
11/2/2015,213.789993
11/3/2015,208.350006
11/4/2015,231.630005
11/5/2015,231.770004
11/6/2015,232.360001
11/9/2015,225.330002
11/10/2015,216.5
11/11/2015,219.080002
11/12/2015,212.940002
11/13/2015,207.190002
11/16/2015,214.309998
11/17/2015,214
11/18/2015,221.070007
11/19/2015,221.800003
11/20/2015,220.009995
11/23/2015,217.75
11/24/2015,218.25
11/25/2015,229.639999
11/27/2015,231.610001
11/30/2015,230.259995
12/1/2015,237.190002
12/2/2015,231.990005
12/3/2015,232.710007
12/4/2015,230.380005
12/7/2015,231.130005
12/8/2015,226.720001
12/9/2015,224.520004
12/10/2015,227.070007
12/11/2015,217.020004
12/14/2015,218.580002
12/15/2015,221.089996
12/16/2015,234.509995
12/17/2015,233.389999
12/18/2015,230.460007
12/21/2015,232.559998
12/22/2015,229.949997
12/23/2015,229.699997
12/24/2015,230.570007
12/28/2015,228.949997
12/29/2015,237.190002
12/30/2015,238.089996
12/31/2015,240.009995
1/4/2016,223.410004
1/5/2016,223.429993
1/6/2016,219.039993
1/7/2016,215.649994
1/8/2016,211
1/11/2016,207.850006
1/12/2016,209.970001
1/13/2016,200.309998
1/14/2016,206.179993
1/15/2016,204.990005
1/19/2016,204.720001
1/20/2016,198.699997
1/21/2016,199.970001
1/22/2016,202.550003
1/25/2016,196.380005
1/26/2016,193.559998
1/27/2016,188.070007
1/28/2016,189.699997
1/29/2016,191.199997
2/1/2016,196.940002
2/2/2016,182.779999
2/3/2016,173.479996
2/4/2016,175.330002
2/5/2016,162.600006
2/8/2016,147.990005
2/9/2016,148.25
2/10/2016,143.669998
2/11/2016,150.470001
2/12/2016,151.039993
2/16/2016,155.169998
2/17/2016,168.679993
2/18/2016,166.770004
2/19/2016,166.580002
2/22/2016,177.740005
2/23/2016,177.210007
2/24/2016,179
2/25/2016,187.429993
2/26/2016,190.339996
2/29/2016,191.929993
3/1/2016,186.350006
3/2/2016,188.339996
3/3/2016,195.740005
3/4/2016,201.039993
3/7/2016,205.289993
3/8/2016,202.600006
3/9/2016,208.720001
3/10/2016,205.179993
3/11/2016,207.5
3/14/2016,215.149994
3/15/2016,218.339996
3/16/2016,221.929993
3/17/2016,226.380005
3/18/2016,232.740005
3/21/2016,238.320007
3/22/2016,234.240005
3/23/2016,222.580002
3/24/2016,227.75
3/28/2016,230.259995
3/29/2016,230.130005
3/30/2016,226.889999
3/31/2016,229.770004
4/1/2016,237.589996
4/4/2016,246.990005
4/5/2016,255.470001
4/6/2016,265.420013
4/7/2016,257.200012
4/8/2016,250.070007
4/11/2016,249.919998
4/12/2016,247.820007
4/13/2016,254.529999
4/14/2016,251.860001
4/15/2016,254.509995
4/18/2016,253.880005
4/19/2016,247.369995
4/20/2016,249.970001
4/21/2016,248.289993
4/22/2016,253.75
4/25/2016,251.820007
4/26/2016,253.740005
4/27/2016,251.470001
4/28/2016,247.710007
4/29/2016,240.759995
5/2/2016,241.800003
5/3/2016,232.320007
5/4/2016,222.559998
5/5/2016,211.529999
5/6/2016,214.929993
5/9/2016,208.919998
5/10/2016,208.690002
5/11/2016,208.960007
5/12/2016,207.279999
5/13/2016,207.610001
5/16/2016,208.289993
5/17/2016,204.660004
5/18/2016,211.169998
5/19/2016,215.210007
5/20/2016,220.279999
5/23/2016,216.220001
5/24/2016,217.910004
5/25/2016,219.580002
5/26/2016,225.119995
5/27/2016,223.039993
5/31/2016,223.229996
6/1/2016,219.559998
6/2/2016,218.960007
6/3/2016,218.990005
6/6/2016,220.679993
6/7/2016,232.339996
6/8/2016,235.520004
6/9/2016,229.360001
6/10/2016,218.789993
6/13/2016,217.869995
6/14/2016,214.960007
6/15/2016,217.699997
6/16/2016,217.929993
6/17/2016,215.470001
6/20/2016,219.699997
6/21/2016,219.610001
6/22/2016,196.660004
6/23/2016,196.399994
6/24/2016,193.149994
6/27/2016,198.550003
6/28/2016,201.789993
6/29/2016,210.190002
6/30/2016,212.279999
7/1/2016,216.5
7/5/2016,213.979996
7/6/2016,214.440002
7/7/2016,215.940002
7/8/2016,216.779999
7/11/2016,224.779999
7/12/2016,224.649994
7/13/2016,222.529999
7/14/2016,221.529999
7/15/2016,220.399994
7/18/2016,226.25
7/19/2016,225.259995
7/20/2016,228.360001
7/21/2016,220.5
7/22/2016,222.270004
7/25/2016,230.009995
7/26/2016,229.509995
7/27/2016,228.490005
7/28/2016,230.610001
7/29/2016,234.789993
8/1/2016,230.009995
8/2/2016,227.199997
8/3/2016,225.789993
8/4/2016,230.610001
8/5/2016,230.029999
8/8/2016,226.160004
8/9/2016,229.080002
8/10/2016,225.649994
8/11/2016,224.910004
8/12/2016,225.610001
8/15/2016,225.589996
8/16/2016,223.610001
8/17/2016,223.240005
8/18/2016,223.509995
8/19/2016,225
8/22/2016,222.929993
8/23/2016,224.839996
8/24/2016,222.619995
8/25/2016,220.960007
8/26/2016,219.990005
8/29/2016,215.199997
8/30/2016,211.339996
8/31/2016,212.009995
9/1/2016,200.770004
9/2/2016,197.779999
9/6/2016,202.830002
9/7/2016,201.710007
9/8/2016,197.360001
9/9/2016,194.470001
9/12/2016,198.300003
9/13/2016,196.050003
9/14/2016,196.410004
9/15/2016,200.419998
9/16/2016,205.399994
9/19/2016,206.339996
9/20/2016,204.639999
9/21/2016,205.220001
9/22/2016,206.429993
9/23/2016,207.449997
9/26/2016,208.990005
9/27/2016,205.809998
9/28/2016,206.270004
9/29/2016,200.699997
9/30/2016,204.029999
10/3/2016,213.699997
10/4/2016,211.410004
10/5/2016,208.460007
10/6/2016,201
10/7/2016,196.610001
10/10/2016,200.949997
10/11/2016,200.100006
10/12/2016,201.509995
10/13/2016,200.240005
10/14/2016,196.509995
10/17/2016,193.960007
10/18/2016,199.100006
10/19/2016,203.559998
10/20/2016,199.100006
10/21/2016,200.089996
10/24/2016,202.759995
10/25/2016,202.339996
10/26/2016,202.240005
10/27/2016,204.009995
10/28/2016,199.970001
10/31/2016,197.729996
11/1/2016,190.789993
11/2/2016,188.020004
11/3/2016,187.419998
11/4/2016,190.559998
11/7/2016,193.210007
11/8/2016,194.940002
11/9/2016,190.059998
11/10/2016,185.350006
11/11/2016,188.559998
11/14/2016,181.449997
11/15/2016,183.770004
11/16/2016,183.929993
11/17/2016,188.660004
11/18/2016,185.020004
11/21/2016,184.520004
11/22/2016,191.169998
11/23/2016,193.139999
11/25/2016,196.649994
11/28/2016,196.119995
11/29/2016,189.570007
11/30/2016,189.399994
12/1/2016,181.880005
12/2/2016,181.470001
12/5/2016,186.800003
12/6/2016,185.850006
12/7/2016,193.149994
12/8/2016,192.289993
12/9/2016,192.179993
12/12/2016,192.429993
12/13/2016,198.149994
12/14/2016,198.690002
12/15/2016,197.580002
12/16/2016,202.490005
12/19/2016,202.729996
12/20/2016,208.789993
12/21/2016,207.699997
12/22/2016,208.449997
12/23/2016,213.339996
12/27/2016,219.529999
12/28/2016,219.740005
12/29/2016,214.679993
12/30/2016,213.690002
1/3/2017,216.990005
1/4/2017,226.990005
1/5/2017,226.75
1/6/2017,229.009995
1/9/2017,231.279999
1/10/2017,229.869995
1/11/2017,229.729996
1/12/2017,229.589996
1/13/2017,237.75
1/17/2017,235.580002
1/18/2017,238.360001
1/19/2017,243.759995
1/20/2017,244.729996
1/23/2017,248.919998
1/24/2017,254.610001
1/25/2017,254.470001
1/26/2017,252.509995
1/27/2017,252.949997
1/30/2017,250.630005
1/31/2017,251.929993
2/1/2017,249.240005
2/2/2017,251.550003
2/3/2017,251.330002
2/6/2017,257.769989
2/7/2017,257.480011
2/8/2017,262.079987
2/9/2017,269.200012
2/10/2017,269.230011
2/13/2017,280.600006
2/14/2017,280.980011
2/15/2017,279.76001
2/16/2017,268.950012
2/17/2017,272.230011
2/21/2017,277.390015
2/22/2017,273.51001
2/23/2017,255.990005
2/24/2017,257
2/27/2017,246.229996
2/28/2017,249.990005
3/1/2017,250.020004
3/2/2017,250.479996
3/3/2017,251.570007
3/6/2017,251.210007
3/7/2017,248.589996
3/8/2017,246.869995
3/9/2017,244.899994
3/10/2017,243.690002
3/13/2017,246.169998
3/14/2017,258
3/15/2017,255.729996
3/16/2017,262.049988
3/17/2017,261.5
3/20/2017,261.920013
3/21/2017,250.679993
3/22/2017,255.009995
3/23/2017,254.779999
3/24/2017,263.160004
3/27/2017,270.220001
3/28/2017,277.450012
3/29/2017,277.380005
3/30/2017,277.920013
3/31/2017,278.299988
4/3/2017,298.519989
4/4/2017,303.700012
4/5/2017,295
4/6/2017,298.700012
4/7/2017,302.540009
4/10/2017,312.390015
4/11/2017,308.709991
4/12/2017,296.839996
4/13/2017,304
4/17/2017,301.440002
4/18/2017,300.25
4/19/2017,305.519989
4/20/2017,302.51001
4/21/2017,305.600006
4/24/2017,308.029999
4/25/2017,313.790009
4/26/2017,310.170013
4/27/2017,308.630005
4/28/2017,314.070007
5/1/2017,322.829987
5/2/2017,318.890015
5/3/2017,311.019989
5/4/2017,295.459991
5/5/2017,308.350006
5/8/2017,307.190002
5/9/2017,321.26001
5/10/2017,325.220001
5/11/2017,323.100006
5/12/2017,324.809998
5/15/2017,315.880005
5/16/2017,317.01001
5/17/2017,306.109985
5/18/2017,313.059998
5/19/2017,310.829987
5/22/2017,310.350006
5/23/2017,303.859985
5/24/2017,310.220001
5/25/2017,316.829987
5/26/2017,325.140015
5/30/2017,335.100006
5/31/2017,341.01001
6/1/2017,340.369995
6/2/2017,339.850006
6/5/2017,347.320007
6/6/2017,352.850006
6/7/2017,359.649994
6/8/2017,370
6/9/2017,357.320007
6/12/2017,359.01001
6/13/2017,375.950012
6/14/2017,380.660004
6/15/2017,375.339996
6/16/2017,371.399994
6/19/2017,369.799988
6/20/2017,372.23999
6/21/2017,376.399994
6/22/2017,382.609985
6/23/2017,383.450012
6/26/2017,377.48999
6/27/2017,362.369995
6/28/2017,371.23999
6/29/2017,360.75
6/30/2017,361.609985
7/3/2017,352.619995
7/5/2017,327.089996
7/6/2017,308.829987
7/7/2017,313.220001
7/10/2017,316.049988
7/11/2017,327.220001
7/12/2017,329.519989
7/13/2017,323.410004
7/14/2017,327.779999
7/17/2017,319.570007
7/18/2017,328.23999
7/19/2017,325.26001
7/20/2017,329.920013
7/21/2017,328.399994
7/24/2017,342.519989
7/25/2017,339.600006
7/26/2017,343.850006
7/27/2017,334.459991
7/28/2017,335.070007
7/31/2017,323.470001
8/1/2017,319.570007
8/2/2017,325.890015
8/3/2017,347.089996
8/4/2017,356.910004
8/7/2017,355.170013
8/8/2017,365.220001
8/9/2017,363.529999
8/10/2017,355.399994
8/11/2017,357.869995
8/14/2017,363.799988
8/15/2017,362.329987
8/16/2017,362.910004
8/17/2017,351.920013
8/18/2017,347.459991
8/21/2017,337.859985
8/22/2017,341.350006
8/23/2017,352.769989
8/24/2017,352.929993
8/25/2017,348.049988
8/28/2017,345.660004
8/29/2017,347.359985
8/30/2017,353.179993
8/31/2017,355.899994
9/1/2017,355.399994
9/5/2017,349.589996
9/6/2017,344.529999
9/7/2017,350.609985
9/8/2017,343.399994
9/11/2017,363.690002
9/12/2017,362.75
9/13/2017,366.230011
9/14/2017,377.640015
9/15/2017,379.809998
9/18/2017,385
9/19/2017,375.100006
9/20/2017,373.910004
9/21/2017,366.480011
9/22/2017,351.089996
9/25/2017,344.98999
9/26/2017,345.25
9/27/2017,340.970001
9/28/2017,339.600006
9/29/2017,341.100006
10/2/2017,341.529999
10/3/2017,348.140015
10/4/2017,355.01001
10/5/2017,355.329987
10/6/2017,356.880005
10/9/2017,342.940002
10/10/2017,355.589996
10/11/2017,354.600006
10/12/2017,355.679993
10/13/2017,355.570007
10/16/2017,350.600006
10/17/2017,355.75
10/18/2017,359.649994
10/19/2017,351.809998
10/20/2017,345.100006
10/23/2017,337.019989
10/24/2017,337.339996
10/25/2017,325.839996
10/26/2017,326.170013
10/27/2017,320.869995
10/30/2017,320.079987
10/31/2017,331.529999
11/1/2017,321.079987
11/2/2017,299.26001
11/3/2017,306.089996
11/6/2017,302.779999
11/7/2017,306.049988
11/8/2017,304.390015
11/9/2017,302.98999
11/10/2017,302.98999
11/13/2017,315.399994
11/14/2017,308.700012
11/15/2017,311.299988
11/16/2017,312.5
11/17/2017,315.049988
11/20/2017,308.73999
11/21/2017,317.809998
11/22/2017,312.600006
11/24/2017,315.549988
11/27/2017,316.809998
11/28/2017,317.549988
11/29/2017,307.540009
11/30/2017,308.850006
12/1/2017,306.529999
12/4/2017,305.200012
12/5/2017,303.700012
12/6/2017,313.26001
12/7/2017,311.23999
12/8/2017,315.130005
12/11/2017,328.910004
12/12/2017,341.029999
12/13/2017,339.029999
12/14/2017,337.890015
12/15/2017,343.450012
12/18/2017,338.869995
12/19/2017,331.100006
12/20/2017,328.980011
12/21/2017,331.660004
12/22/2017,325.200012
12/26/2017,317.290009
12/27/2017,311.640015
12/28/2017,315.359985
12/29/2017,311.350006
1/2/2018,320.529999
1/3/2018,317.25
1/4/2018,314.619995
1/5/2018,316.579987
1/8/2018,336.410004
1/9/2018,333.690002
1/10/2018,334.799988
1/11/2018,337.950012
1/12/2018,336.220001
1/16/2018,340.059998
1/17/2018,347.160004
1/18/2018,344.570007
1/19/2018,350.019989
1/22/2018,351.559998
1/23/2018,352.790009
1/24/2018,345.890015
1/25/2018,337.640015
1/26/2018,342.850006
1/29/2018,349.529999
1/30/2018,345.820007
1/31/2018,354.309998
2/1/2018,349.25
2/2/2018,343.75
2/5/2018,333.130005
2/6/2018,333.970001
2/7/2018,345
2/8/2018,315.230011
2/9/2018,310.420013
2/12/2018,315.730011
2/13/2018,323.660004
2/14/2018,322.309998
2/15/2018,334.070007
2/16/2018,335.48999
2/20/2018,334.769989
2/21/2018,333.299988
2/22/2018,346.170013
2/23/2018,352.049988
2/26/2018,357.420013
2/27/2018,350.98999
2/28/2018,343.059998
3/1/2018,330.929993
3/2/2018,335.119995
3/5/2018,333.350006
3/6/2018,328.200012
3/7/2018,332.299988
3/8/2018,329.100006
3/9/2018,327.170013
3/12/2018,345.51001
3/13/2018,341.839996
3/14/2018,326.630005
3/15/2018,325.600006
3/16/2018,321.350006
3/19/2018,313.559998
3/20/2018,310.549988
3/21/2018,316.529999
3/22/2018,309.100006
3/23/2018,301.540009
3/26/2018,304.179993
3/27/2018,279.179993
3/28/2018,257.779999
3/29/2018,266.130005
4/2/2018,252.479996
4/3/2018,267.529999
4/4/2018,286.940002
4/5/2018,305.720001
4/6/2018,299.299988
4/9/2018,289.660004
4/10/2018,304.700012
4/11/2018,300.929993
4/12/2018,294.079987
4/13/2018,300.339996
4/16/2018,291.209991
4/17/2018,287.690002
4/18/2018,293.350006
4/19/2018,300.079987
4/20/2018,290.23999
4/23/2018,283.369995
4/24/2018,283.459991
4/25/2018,280.690002
4/26/2018,285.480011
4/27/2018,294.079987
4/30/2018,293.899994
5/1/2018,299.920013
5/2/2018,301.149994
5/3/2018,284.450012
5/4/2018,294.089996
5/7/2018,302.769989
5/8/2018,301.970001
5/9/2018,306.850006
5/10/2018,305.019989
5/11/2018,301.059998
5/14/2018,291.970001
5/15/2018,284.179993
5/16/2018,286.480011
5/17/2018,284.540009
5/18/2018,276.820007
5/21/2018,284.48999
5/22/2018,275.01001
5/23/2018,279.070007
5/24/2018,277.850006
5/25/2018,278.850006
5/29/2018,283.76001
5/30/2018,291.720001
5/31/2018,284.730011
6/1/2018,291.820007
6/4/2018,296.73999
6/5/2018,291.130005
6/6/2018,319.5
6/7/2018,316.089996
6/8/2018,317.660004
6/11/2018,332.100006
6/12/2018,342.769989
6/13/2018,344.779999
6/14/2018,357.720001
6/15/2018,358.170013
6/18/2018,370.829987
6/19/2018,352.549988
6/20/2018,362.220001
6/21/2018,347.51001
6/22/2018,333.630005
6/25/2018,333.01001
6/26/2018,342
6/27/2018,344.5
6/28/2018,349.929993
6/29/2018,342.950012
7/2/2018,335.070007
7/3/2018,310.859985
7/5/2018,309.160004
7/6/2018,308.899994
7/9/2018,318.51001
7/10/2018,322.470001
7/11/2018,318.959991
7/12/2018,316.709991
7/13/2018,318.869995
7/16/2018,310.100006
7/17/2018,322.690002
7/18/2018,323.850006
7/19/2018,320.230011
7/20/2018,313.579987
7/23/2018,303.200012
7/24/2018,297.429993
7/25/2018,308.73999
7/26/2018,306.649994
7/27/2018,297.179993
7/30/2018,290.170013
7/31/2018,298.140015
8/1/2018,300.839996
8/2/2018,349.540009
8/3/2018,348.170013
8/6/2018,341.98999
8/7/2018,379.570007
8/8/2018,370.339996
8/9/2018,352.450012
8/10/2018,355.48999
8/13/2018,356.410004
8/14/2018,347.640015
8/15/2018,338.690002
8/16/2018,335.450012
8/17/2018,305.5
8/20/2018,308.440002
8/21/2018,321.899994
8/22/2018,321.640015
8/23/2018,320.100006
8/24/2018,322.820007
8/27/2018,319.269989
8/28/2018,311.859985
8/29/2018,305.01001
8/30/2018,303.149994
8/31/2018,301.660004
9/4/2018,288.950012
9/5/2018,280.73999
9/6/2018,280.950012
9/7/2018,263.23999
9/10/2018,285.5
9/11/2018,279.440002
9/12/2018,290.540009
9/13/2018,289.459991
9/14/2018,295.200012
9/17/2018,294.839996
9/18/2018,284.959991
9/19/2018,299.019989
9/20/2018,298.329987
9/21/2018,299.100006
9/24/2018,299.679993
9/25/2018,300.98999
9/26/2018,309.579987
9/27/2018,307.519989
9/28/2018,264.769989
10/1/2018,310.700012
10/2/2018,301.019989
10/3/2018,294.799988
10/4/2018,281.829987
10/5/2018,261.950012
10/8/2018,250.559998
10/9/2018,262.799988
10/10/2018,256.880005
10/11/2018,252.229996
10/12/2018,258.779999
10/15/2018,259.589996
10/16/2018,276.589996
10/17/2018,271.779999
10/18/2018,263.910004
10/19/2018,260
10/22/2018,260.950012
10/23/2018,294.140015
10/24/2018,288.5
10/25/2018,314.859985
10/26/2018,330.899994
10/29/2018,334.850006
10/30/2018,329.899994
10/31/2018,337.320007
11/1/2018,344.279999
11/2/2018,346.410004
11/5/2018,341.399994
11/6/2018,341.059998
11/7/2018,348.160004
11/8/2018,351.399994
11/9/2018,350.51001
11/12/2018,331.279999
11/13/2018,338.730011
11/14/2018,344
11/15/2018,348.440002
11/16/2018,354.309998
11/19/2018,353.470001
11/20/2018,347.48999
11/21/2018,338.190002
11/23/2018,325.829987
11/26/2018,346
11/27/2018,343.920013
11/28/2018,347.869995
11/29/2018,341.170013
11/30/2018,350.480011
12/3/2018,358.48999
12/4/2018,359.700012
12/6/2018,363.059998
12/7/2018,357.970001
12/10/2018,365.149994
12/11/2018,366.76001
12/12/2018,366.600006
12/13/2018,376.790009
12/14/2018,365.709991
12/17/2018,348.420013
12/18/2018,337.029999
12/19/2018,332.970001
12/20/2018,315.380005
12/21/2018,319.769989
12/24/2018,295.390015
12/26/2018,326.089996
12/27/2018,316.130005
12/28/2018,333.869995
12/31/2018,332.799988
1/2/2019,310.119995
1/3/2019,300.359985
1/4/2019,317.690002
1/7/2019,334.959991
1/8/2019,335.350006
1/9/2019,338.529999
1/10/2019,344.970001
1/11/2019,347.26001
1/14/2019,334.399994
1/15/2019,344.429993
1/16/2019,346.049988
1/17/2019,347.309998
1/18/2019,302.26001
1/22/2019,298.920013
1/23/2019,287.589996
1/24/2019,291.51001
1/25/2019,297.040009
1/28/2019,296.380005
1/29/2019,297.459991
1/30/2019,308.769989
1/31/2019,307.019989
2/1/2019,312.209991
2/4/2019,312.890015
2/5/2019,321.350006
2/6/2019,317.220001
2/7/2019,307.51001
2/8/2019,305.799988
2/11/2019,312.839996
2/12/2019,311.809998
2/13/2019,308.170013
2/14/2019,303.769989
2/15/2019,307.880005
2/19/2019,305.640015
2/20/2019,302.559998
2/21/2019,291.230011
2/22/2019,294.709991
2/25/2019,298.769989
2/26/2019,297.859985
2/27/2019,314.73999
2/28/2019,319.880005
3/1/2019,294.790009
3/4/2019,285.359985
3/5/2019,276.540009
3/6/2019,276.23999
3/7/2019,276.589996
3/8/2019,284.140015
3/11/2019,290.920013
3/12/2019,283.359985
3/13/2019,288.959991
3/14/2019,289.959991
3/15/2019,275.429993
3/18/2019,269.48999
3/19/2019,267.470001
3/20/2019,273.600006
3/21/2019,274.019989
3/22/2019,264.529999
3/25/2019,260.420013
3/26/2019,267.769989
3/27/2019,274.829987
3/28/2019,278.619995
3/29/2019,279.859985
4/1/2019,289.179993
4/2/2019,285.880005
4/3/2019,291.809998
4/4/2019,267.779999
4/5/2019,274.959991
4/8/2019,273.200012
4/9/2019,272.309998
4/10/2019,276.059998
4/11/2019,268.420013
4/12/2019,267.700012
4/15/2019,266.380005
4/16/2019,273.359985
4/17/2019,271.230011
4/18/2019,273.26001
4/22/2019,262.75
4/23/2019,263.899994
4/24/2019,258.660004
4/25/2019,247.630005
4/26/2019,235.139999
4/29/2019,241.470001
4/30/2019,238.690002
5/1/2019,234.009995
5/2/2019,244.100006
5/3/2019,255.029999
5/6/2019,255.339996
5/7/2019,247.059998
5/8/2019,244.839996
5/9/2019,241.979996
5/10/2019,239.520004
5/13/2019,227.009995
5/14/2019,232.309998
5/15/2019,231.949997
5/16/2019,228.330002
5/17/2019,211.029999
5/20/2019,205.360001
5/21/2019,205.080002
5/22/2019,192.729996
5/23/2019,195.490005
5/24/2019,190.630005
5/28/2019,188.699997
5/29/2019,189.860001
5/30/2019,188.220001
5/31/2019,185.160004
6/3/2019,178.970001
6/4/2019,193.600006
6/5/2019,196.589996
6/6/2019,205.949997
6/7/2019,204.5
6/10/2019,212.880005
6/11/2019,217.100006
6/12/2019,209.259995
6/13/2019,213.910004
6/14/2019,214.919998
6/17/2019,225.029999
6/18/2019,224.740005
6/19/2019,226.429993
6/20/2019,219.619995
6/21/2019,221.860001
6/24/2019,223.639999
6/25/2019,219.759995
6/26/2019,219.270004
6/27/2019,222.839996
6/28/2019,223.460007
7/1/2019,227.169998
7/2/2019,224.550003
7/3/2019,234.899994
7/5/2019,233.100006
7/8/2019,230.339996
7/9/2019,230.059998
7/10/2019,238.919998
7/11/2019,238.600006
7/12/2019,245.080002
7/15/2019,253.5
7/16/2019,252.380005
7/17/2019,254.860001
7/18/2019,253.539993
7/19/2019,258.179993
7/22/2019,255.679993
7/23/2019,260.170013
7/24/2019,264.880005
7/25/2019,228.820007
7/26/2019,228.039993
7/29/2019,235.770004
7/30/2019,242.259995
7/31/2019,241.610001
8/1/2019,233.850006
8/2/2019,234.339996
8/5/2019,228.320007
8/6/2019,230.75
8/7/2019,233.419998
8/8/2019,238.300003
8/9/2019,235.009995
8/12/2019,229.009995
8/13/2019,235
8/14/2019,219.619995
8/15/2019,215.639999
8/16/2019,219.940002
8/19/2019,226.830002
8/20/2019,225.860001
8/21/2019,220.830002
8/22/2019,222.149994
8/23/2019,211.399994
8/26/2019,215
8/27/2019,214.080002
8/28/2019,215.589996
8/29/2019,221.710007
8/30/2019,225.610001
9/3/2019,225.009995
9/4/2019,220.679993
9/5/2019,229.580002
9/6/2019,227.449997
9/9/2019,231.789993
9/10/2019,235.539993
9/11/2019,247.100006
9/12/2019,245.869995
9/13/2019,245.199997
9/16/2019,242.809998
9/17/2019,244.789993
9/18/2019,243.490005
9/19/2019,246.600006
9/20/2019,240.619995
9/23/2019,241.229996
9/24/2019,223.210007
9/25/2019,228.699997
9/26/2019,242.559998
9/27/2019,242.130005
9/30/2019,240.869995
10/1/2019,244.690002
10/2/2019,243.130005
10/3/2019,233.029999
10/4/2019,231.429993
10/7/2019,237.720001
10/8/2019,240.050003
10/9/2019,244.529999
10/10/2019,244.740005
10/11/2019,247.889999
10/14/2019,256.959991
10/15/2019,257.890015
10/16/2019,259.75
10/17/2019,261.970001
10/18/2019,256.950012
10/21/2019,253.5
10/22/2019,255.580002
10/23/2019,254.679993
10/24/2019,299.679993
10/25/2019,328.130005
10/28/2019,327.709991
10/29/2019,316.220001
10/30/2019,315.01001
10/31/2019,314.920013
11/1/2019,313.309998
11/4/2019,317.470001
11/5/2019,317.220001
11/6/2019,326.579987
11/7/2019,335.540009
11/8/2019,337.140015
11/11/2019,345.089996
11/12/2019,349.929993
11/13/2019,346.109985
11/14/2019,349.350006
11/15/2019,352.170013
11/18/2019,349.98999
11/19/2019,359.519989
11/20/2019,352.220001
11/21/2019,354.829987
11/22/2019,333.040009
11/25/2019,336.339996
11/26/2019,328.920013
11/27/2019,331.290009
11/29/2019,329.940002
12/2/2019,334.869995
12/3/2019,336.200012
12/4/2019,333.029999
12/5/2019,330.369995
12/6/2019,335.890015
12/9/2019,339.529999
12/10/2019,348.839996
12/11/2019,352.700012
12/12/2019,359.679993
12/13/2019,358.390015
12/16/2019,381.5
12/17/2019,378.98999
12/18/2019,393.149994
12/19/2019,404.040009
12/20/2019,405.589996
12/23/2019,419.220001
12/24/2019,425.25
12/26/2019,430.940002
12/27/2019,430.380005
12/30/2019,414.700012
12/31/2019,418.329987
1/2/2020,430.26001
1/3/2020,443.01001
1/6/2020,451.540009
1/7/2020,469.059998
1/8/2020,492.140015
1/9/2020,481.339996
1/10/2020,478.149994
1/13/2020,524.859985
1/14/2020,537.919983
1/15/2020,518.5
1/16/2020,513.48999
1/17/2020,510.5
1/21/2020,547.200012
1/22/2020,569.559998
1/23/2020,572.200012
1/24/2020,564.820007
1/27/2020,558.02002
1/28/2020,566.900024
1/29/2020,580.98999
1/30/2020,640.809998
1/31/2020,650.570007
2/3/2020,780
2/4/2020,887.059998
2/5/2020,734.700012
2/6/2020,748.960022
2/7/2020,748.070007
2/10/2020,771.280029
2/11/2020,774.380005
2/12/2020,767.289978
2/13/2020,804
2/14/2020,800.030029
2/18/2020,858.400024
2/19/2020,917.419983
2/20/2020,899.409973
2/21/2020,901
2/24/2020,833.789978
2/25/2020,799.909973
2/26/2020,778.799988
2/27/2020,679
2/28/2020,667.98999
3/2/2020,743.619995
3/3/2020,745.51001
3/4/2020,749.5
3/5/2020,724.539978
3/6/2020,703.47998
3/9/2020,608
3/10/2020,645.330017
3/11/2020,634.22998
3/12/2020,560.549988
3/13/2020,546.619995
3/16/2020,445.070007
3/17/2020,430.200012
3/18/2020,361.220001
3/19/2020,427.640015
3/20/2020,427.529999
3/23/2020,434.290009
3/24/2020,505
3/25/2020,539.25
3/26/2020,528.159973
3/27/2020,514.359985
3/30/2020,502.130005
3/31/2020,524
4/1/2020,481.559998
4/2/2020,454.470001
4/3/2020,480.01001
4/6/2020,516.23999
4/7/2020,545.450012
4/8/2020,548.840027
4/9/2020,573
4/13/2020,650.950012
4/14/2020,709.890015
4/15/2020,729.830017
4/16/2020,745.210022
4/17/2020,753.890015
4/20/2020,746.359985
4/21/2020,686.719971
4/22/2020,732.109985
4/23/2020,705.630005
4/24/2020,725.150024
4/27/2020,798.75
4/28/2020,769.119995
4/29/2020,800.51001
4/30/2020,781.880005
5/1/2020,701.320007
5/4/2020,761.190002
5/5/2020,768.210022
5/6/2020,782.580017
5/7/2020,780.039978
5/8/2020,819.419983
5/11/2020,811.289978
5/12/2020,809.409973
5/13/2020,790.960022
5/14/2020,803.330017
5/15/2020,799.169983
5/18/2020,813.630005
5/19/2020,808.01001
5/20/2020,815.559998
5/21/2020,827.599976
5/22/2020,816.880005
5/26/2020,818.869995
5/27/2020,820.22998
5/28/2020,805.809998
5/29/2020,835
