Year,Month,Category,Session,Quota,Bids received,Successful bids,Price
2005,1,A,1,2513,2677,2512,18400 
2005,1,A,2,2513,3793,2508,19501 
2005,1,B,1,1139,1311,1139,14002 
2005,1,B,2,1148,1834,1145,19502 
2005,1,C,1,672,790,671,3710 
2005,1,C,2,681,830,681,4189 
2005,1,D,1,499,598,426,552 
2005,1,D,2,527,765,523,511 
2005,1,E,1,1336,1725,1335,19295 
2005,1,E,2,1338,1890,1301,19002 
2005,2,A,1,2514,3394,2511,18200 
2005,2,A,2,2518,3140,2511,18159 
2005,2,B,1,1137,1450,1137,16533 
2005,2,B,2,1140,1443,1137,16891 
2005,2,C,1,673,850,672,4301 
2005,2,C,2,672,794,667,4499 
2005,2,D,1,572,605,554,224 
2005,2,D,2,503,830,444,512 
2005,2,E,1,1337,1809,1335,17300 
2005,2,E,2,1372,2168,1348,17999 
2005,3,A,1,2516,3784,2509,20654 
2005,3,A,2,2520,3176,2449,18901 
2005,3,B,1,1137,1656,1134,21710 
2005,3,B,2,1140,1355,1133,18001 
2005,3,C,1,673,849,672,6590 
2005,3,C,2,677,823,669,7100 
2005,3,D,1,517,897,505,851 
2005,3,D,2,558,1131,456,781 
2005,3,E,1,1338,1961,1336,21999 
2005,3,E,2,1359,1799,1337,19001 
2005,4,A,1,2200,2685,2200,18279 
2005,4,A,2,2264,2563,2203,18101 
2005,4,B,1,1103,1367,1103,16110 
2005,4,B,2,1107,1357,1107,17701 
2005,4,C,1,589,733,582,7100 
2005,4,C,2,596,712,596,6841 
2005,4,D,1,519,720,515,603 
2005,4,D,2,608,898,608,591 
2005,4,E,1,1140,1792,1140,18802 
2005,4,E,2,1160,1694,1147,18000 
2005,5,A,1,2193,2594,2185,17398 
2005,5,A,2,2254,2548,2251,16897 
2005,5,B,1,1100,1339,1087,16508 
2005,5,B,2,1100,1322,1087,16108 
2005,5,C,1,595,686,594,5800 
2005,5,C,2,588,719,583,5900 
2005,5,D,1,511,736,408,702 
2005,5,D,2,506,700,506,782 
2005,5,E,1,1138,1719,1125,17699 
2005,5,E,2,1150,1695,1135,17399 
2005,6,A,1,2201,2873,2174,17481 
2005,6,A,2,2196,2636,2186,17289 
2005,6,B,1,1113,1346,1099,16002 
2005,6,B,2,1113,1299,1099,15001 
2005,6,C,1,589,712,587,6450 
2005,6,C,2,593,680,585,6101 
2005,6,D,1,609,775,607,699 
2005,6,D,2,506,765,496,701 
2005,6,E,1,1151,1654,1134,18200 
2005,6,E,2,1152,1538,1108,17999 
2005,7,A,1,2220,2445,2218,16112 
2005,7,A,2,2203,2758,2197,16500 
2005,7,B,1,1114,1374,1102,15501 
2005,7,B,2,1114,1414,1113,16501 
2005,7,C,1,590,691,590,6524 
2005,7,C,2,596,715,585,6501 
2005,7,D,1,508,602,475,752 
2005,7,D,2,516,666,432,652 
2005,7,E,1,1155,1534,1139,17199 
2005,7,E,2,1181,1561,1119,17199 
2005,8,A,1,2195,2843,2194,16502 
2005,8,A,2,2199,2421,2190,16101 
2005,8,B,1,1112,1318,1103,15889 
2005,8,B,2,1101,1412,1093,16303 
2005,8,C,1,588,723,588,6500 
2005,8,C,2,598,698,598,6420 
2005,8,D,1,539,765,486,673 
2005,8,D,2,590,731,541,652 
2005,8,E,1,1154,1653,1137,16999 
2005,8,E,2,1199,1575,1197,16296 
2005,9,A,1,2194,2854,2194,16461 
2005,9,A,2,2202,2428,2179,15309 
2005,9,B,1,1109,1484,1086,16889 
2005,9,B,2,1108,1270,1106,14808 
2005,9,C,1,588,719,560,7101 
2005,9,C,2,587,679,587,7264 
2005,9,D,1,559,715,552,656 
2005,9,D,2,555,778,553,590 
2005,9,E,1,1155,1558,1133,16699 
2005,9,E,2,1139,1433,1092,15699 
2006,1,A,1,2787,3076,2778,10602 
2006,1,A,2,2785,3213,2783,8009 
2006,1,B,1,1277,1876,1277,11602 
2006,1,B,2,1275,1483,1266,9603 
2006,1,C,1,607,676,602,5889 
2006,1,C,2,595,826,594,6302 
2006,1,D,1,513,575,511,479 
2006,1,D,2,531,664,530,401 
2006,1,E,1,1403,1859,1401,11701 
2006,1,E,2,1402,1655,1399,9801 
2006,2,A,1,2794,5517,2787,10284 
2006,2,A,2,2787,5030,2779,10103 
2006,2,B,1,1265,1726,1262,9501 
2006,2,B,2,1274,1866,1271,10489 
2006,2,C,1,593,841,585,7296 
2006,2,C,2,588,759,585,8313 
2006,2,D,1,508,644,499,452 
2006,2,D,2,507,599,505,495 
2006,2,E,1,1397,1785,1397,9275 
2006,2,E,2,1397,2080,1396,10400 
2006,3,A,1,2792,5001,2786,11199 
2006,3,A,2,2792,4381,2784,11904 
2006,3,B,1,1268,1926,1268,12555 
2006,3,B,2,1267,1830,1265,13556 
2006,3,C,1,596,749,588,8430 
2006,3,C,2,590,748,564,8600 
2006,3,D,1,515,697,489,609 
2006,3,D,2,508,804,483,789 
2006,3,E,1,1395,2102,1387,12697 
2006,3,E,2,1395,2000,1394,13689 
2006,4,A,1,2222,3183,2215,11901 
2006,4,A,2,2225,2762,2220,11901 
2006,4,B,1,1084,1420,1079,13402 
2006,4,B,2,1086,1299,1079,13101 
2006,4,C,1,571,781,566,10059 
2006,4,C,2,590,784,581,11301 
2006,4,D,1,514,662,513,851 
2006,4,D,2,513,709,510,756 
2006,4,E,1,1119,1657,1112,13301 
2006,4,E,2,1112,1514,1047,13000 
2006,5,A,1,2223,2426,2222,10003 
2006,5,A,2,2222,2473,2222,10100 
2006,5,B,1,1089,1293,1077,11519 
2006,5,B,2,1091,1337,1087,11801 
2006,5,C,1,568,727,564,12101 
2006,5,C,2,573,710,566,11100 
2006,5,D,1,489,611,489,802 
2006,5,D,2,491,563,490,809 
2006,5,E,1,1118,1475,1110,12402 
2006,5,E,2,1176,1570,1176,11717 
2006,6,A,1,2217,2688,2217,11202 
2006,6,A,2,2217,2393,2213,9301 
2006,6,B,1,1096,1426,1096,12200 
2006,6,B,2,1088,1256,1084,11001 
2006,6,C,1,567,672,567,8657 
2006,6,C,2,571,893,570,6308 
2006,6,D,1,488,707,399,1001 
2006,6,D,2,489,608,486,1061 
2006,6,E,1,1119,1933,1083,12000 
2006,6,E,2,1111,1716,1095,11002 
2006,7,A,1,2216,2867,2210,10201 
2006,7,A,2,2221,2776,2213,10803 
2006,7,B,1,1084,1240,1084,10801 
2006,7,B,2,1089,1332,1089,10600 
2006,7,C,1,563,816,555,5951 
2006,7,C,2,565,815,503,5501 
2006,7,D,1,577,804,560,900 
2006,7,D,2,491,606,489,881 
2006,7,E,1,1147,1678,1142,10803 
2006,7,E,2,1127,1718,1126,11101 
2006,8,A,1,2222,3333,2215,11901 
2006,8,A,2,2225,3398,2219,12989 
2006,8,B,1,1084,1365,1064,12501 
2006,8,B,2,1085,1406,1084,13890 
2006,8,C,1,571,775,568,9001 
2006,8,C,2,626,1165,617,10806 
2006,8,D,1,505,683,501,1057 
2006,8,D,2,490,552,481,902 
2006,8,E,1,1116,1669,1114,12699 
2006,8,E,2,1112,1889,1108,13605 
2006,9,A,1,2223,2878,2222,13003 
2006,9,A,2,2223,2921,2223,13102 
2006,9,B,1,1104,1448,1101,14701 
2006,9,B,2,1086,1440,1086,14399 
2006,9,C,1,566,844,555,15201 
2006,9,C,2,573,1027,417,14200 
2006,9,D,1,492,656,474,902 
2006,9,D,2,497,620,496,857 
2006,9,E,1,1113,1911,1025,15200 
2006,9,E,2,1115,1871,1102,14900 
2007,1,A,1,2668,3686,2663,11704 
2007,1,A,2,2671,3155,2670,11881 
2007,1,B,1,1271,1460,1268,13001 
2007,1,B,2,1301,1446,1298,12000 
2007,1,C,1,509,338,338,1 
2007,1,C,2,525,367,367,1 
2007,1,D,1,459,759,370,1214 
2007,1,D,2,453,690,417,1189 
2007,1,E,1,1304,1863,1296,13301 
2007,1,E,2,1369,1832,1350,12599 
2007,2,A,1,2673,3005,2654,11489 
2007,2,A,2,2670,2823,2670,5200 
2007,2,B,1,1272,1449,1267,12152 
2007,2,B,2,1272,1382,1269,6002 
2007,2,C,1,679,506,506,1 
2007,2,C,2,665,337,337,1 
2007,2,D,1,536,639,512,1001 
2007,2,D,2,483,626,479,901 
2007,2,E,1,1290,1784,1290,12721 
2007,2,E,2,1301,1686,1293,11804 
2007,3,A,1,2687,5296,2680,12602 
2007,3,A,2,2669,4752,2659,13504 
2007,3,B,1,1274,2248,1250,13502 
2007,3,B,2,1272,1840,1266,14652 
2007,3,C,1,681,647,647,1 
2007,3,C,2,835,1022,835,1091 
2007,3,D,1,471,777,471,964 
2007,3,D,2,450,554,447,1001 
2007,3,E,1,1282,2159,1277,13201 
2007,3,E,2,1289,2217,1272,14502 
2007,4,A,1,2165,3691,2161,14000 
2007,4,A,2,2168,3327,2168,14601 
2007,4,B,1,1149,1720,1149,14889 
2007,4,B,2,1130,1587,1127,15989 
2007,4,C,1,479,631,479,2600 
2007,4,C,2,444,700,442,5289 
2007,4,D,1,478,596,465,1013 
2007,4,D,2,480,768,478,1184 
2007,4,E,1,1092,1867,1090,15315 
2007,4,E,2,1103,1847,1098,16101 
2007,5,A,1,2163,3449,2163,16159 
2007,5,A,2,2158,2825,2147,17010 
2007,5,B,1,1125,1811,1118,17879 
2007,5,B,2,1127,1679,1105,18900 
2007,5,C,1,445,621,444,8300 
2007,5,C,2,446,661,443,10000 
2007,5,D,1,491,772,487,1345 
2007,5,D,2,479,750,438,1352 
2007,5,E,1,1089,2033,1082,17856 
2007,5,E,2,1091,1897,1088,19510 
2007,6,A,1,2159,2441,2159,16181 
2007,6,A,2,2169,2489,2119,15591 
2007,6,B,1,1132,1679,1114,19802 
2007,6,B,2,1146,1460,1137,18891 
2007,6,C,1,446,666,444,6889 
2007,6,C,2,447,605,399,5501 
2007,6,D,1,482,585,422,1252 
2007,6,D,2,518,907,515,1053 
2007,6,E,1,1094,1760,1091,19351 
2007,6,E,2,1089,1711,1070,18539 
2007,7,A,1,2159,2480,2150,14801 
2007,7,A,2,2208,2678,2177,16000 
2007,7,B,1,1143,1364,1143,17399 
2007,7,B,2,1133,1393,1133,17602 
2007,7,C,1,447,691,445,4909 
2007,7,C,2,492,746,484,3889 
2007,7,D,1,538,948,534,1082 
2007,7,D,2,480,731,477,1052 
2007,7,E,1,1090,1672,1088,17400 
2007,7,E,2,1105,1629,1099,17410 
2007,8,A,1,2168,2632,2018,17001 
2007,8,A,2,2189,2315,2188,8118 
2007,8,B,1,1125,1458,1114,18001 
2007,8,B,2,1124,1288,1124,16010 
2007,8,C,1,447,534,446,5767 
2007,8,C,2,452,628,443,6890 
2007,8,D,1,482,828,460,1251 
2007,8,D,2,481,648,479,1189 
2007,8,E,1,1089,1623,1080,18003 
2007,8,E,2,1093,1538,1064,17302 
2007,9,A,1,2309,3753,2303,17999 
2007,9,A,2,2159,3055,2159,17941 
2007,9,B,1,1136,1594,1136,18200 
2007,9,B,2,1125,1581,1117,19589 
2007,9,C,1,446,568,437,9539 
2007,9,C,2,453,590,453,10501 
2007,9,D,1,500,787,496,1081 
2007,9,D,2,480,772,479,1054 
2007,9,E,1,1096,1747,1096,19323 
2007,9,E,2,1116,1789,1115,19199 
2008,1,A,1,2162,2553,2154,14052 
2008,1,A,2,2231,2611,2098,12001 
2008,1,B,1,1172,1556,1164,15989 
2008,1,B,2,1144,1328,1144,13289 
2008,1,C,1,352,446,340,13000 
2008,1,C,2,349,424,345,12501 
2008,1,D,1,475,527,473,1101 
2008,1,D,2,443,550,413,1012 
2008,1,E,1,1094,1658,1088,15601 
2008,1,E,2,1169,1829,1150,13801 
2008,2,A,1,2167,3005,2155,12002 
2008,2,A,2,2291,2923,2288,12856 
2008,2,B,1,1133,1454,1133,13209 
2008,2,B,2,1125,1632,1120,15510 
2008,2,C,1,357,551,350,13001 
2008,2,C,2,349,478,345,15002 
2008,2,D,1,441,648,438,999 
2008,2,D,2,469,681,469,951 
2008,2,E,1,1093,1786,1092,13301 
2008,2,E,2,1106,1692,1105,15110 
2008,3,A,1,2171,2727,2164,14351 
2008,3,A,2,2161,2474,2161,15389 
2008,3,B,1,1125,1499,1092,18000 
2008,3,B,2,1130,1387,1110,19001 
2008,3,C,1,352,550,347,16310 
2008,3,C,2,349,453,347,17610 
2008,3,D,1,442,612,439,959 
2008,3,D,2,439,662,430,901 
2008,3,E,1,1088,1929,1082,18670 
2008,3,E,2,1088,1713,1086,18854 
2008,4,A,1,2043,2570,2026,16930 
2008,4,A,2,2036,2197,2009,15600 
2008,4,B,1,1132,1382,1130,19501 
2008,4,B,2,1119,1324,1118,17510 
2008,4,C,1,383,443,376,18900 
2008,4,C,2,379,481,377,18151 
2008,4,D,1,449,586,448,1012 
2008,4,D,2,455,545,417,1152 
2008,4,E,1,881,1348,870,19389 
2008,4,E,2,877,1266,876,18451 
2008,5,A,1,2053,2211,2051,11009 
2008,5,A,2,2063,2824,2062,15701 
2008,5,B,1,1101,1230,1075,15889 
2008,5,B,2,1100,1396,1100,17113 
2008,5,C,1,384,493,384,15889 
2008,5,C,2,379,531,373,14756 
2008,5,D,1,447,569,438,1289 
2008,5,D,2,484,762,482,1109 
2008,5,E,1,886,1416,879,16500 
2008,5,E,2,876,1345,873,16700 
2008,6,A,1,2038,2500,2038,14590 
2008,6,A,2,2037,2319,2024,14101 
2008,6,B,1,1125,1282,1125,14640 
2008,6,B,2,1099,1280,1099,14689 
2008,6,C,1,377,501,377,13501 
2008,6,C,2,383,550,374,12002 
2008,6,D,1,454,708,451,1083 
2008,6,D,2,447,631,417,1102 
2008,6,E,1,882,1221,882,16301 
2008,6,E,2,878,1352,873,15459 
2008,7,A,1,2036,2463,2036,14685 
2008,7,A,2,2048,2464,2047,14101 
2008,7,B,1,1099,1383,1094,15501 
2008,7,B,2,1099,1307,1099,14235 
2008,7,C,1,377,535,370,12959 
2008,7,C,2,386,497,385,12659 
2008,7,D,1,448,707,441,1551 
2008,7,D,2,475,600,474,1489 
2008,7,E,1,875,1258,866,15661 
2008,7,E,2,880,1178,872,14858 
2008,8,A,1,2035,2267,2032,12501 
2008,8,A,2,2036,2318,2036,13289 
2008,8,B,1,1104,1253,1104,12889 
2008,8,B,2,1099,1362,1071,13890 
2008,8,C,1,384,522,376,12589 
2008,8,C,2,378,492,370,12989 
2008,8,D,1,452,684,450,1413 
2008,8,D,2,446,548,445,1310 
2008,8,E,1,884,1229,879,14101 
2008,8,E,2,883,1318,878,14001 
2008,9,A,1,2038,2172,2022,9501 
2008,9,A,2,2035,2765,2029,14100 
2008,9,B,1,1099,1195,1066,13389 
2008,9,B,2,1127,1288,1126,13301 
2008,9,C,1,385,466,383,13889 
2008,9,C,2,385,489,379,14890 
2008,9,D,1,447,584,446,1452 
2008,9,D,2,446,605,435,1554 
2008,9,E,1,880,1503,879,14300 
2008,9,E,2,880,1408,864,14889 
2009,1,A,1,1839,2541,1784,5001 
2009,1,A,2,1839,2109,1832,2693 
2009,1,B,1,1100,1332,1100,3089 
2009,1,B,2,1099,1179,1097,200 
2009,1,C,1,274,344,274,3502 
2009,1,C,2,268,320,260,2900 
2009,1,D,1,409,583,401,1000 
2009,1,D,2,411,606,386,900 
2009,1,E,1,767,1118,763,5701 
2009,1,E,2,758,1025,748,3200 
2009,2,A,1,1894,2077,1894,1020 
2009,2,A,2,1846,2722,1842,4460 
2009,2,B,1,1099,1231,1097,689 
2009,2,B,2,1101,1675,1090,4889 
2009,2,C,1,264,350,264,2590 
2009,2,C,2,272,403,271,4190 
2009,2,D,1,417,674,406,701 
2009,2,D,2,434,650,434,801 
2009,2,E,1,756,1225,746,3000 
2009,2,E,2,762,1507,746,5889 
2009,3,A,1,1839,2376,1839,4890 
2009,3,A,2,1843,2202,1843,5116 
2009,3,B,1,1101,1346,1100,5101 
2009,3,B,2,1110,1359,1101,5001 
2009,3,C,1,264,512,255,5300 
2009,3,C,2,265,516,234,5600 
2009,3,D,1,420,674,419,958 
2009,3,D,2,409,513,378,912 
2009,3,E,1,762,1298,759,5700 
2009,3,E,2,768,1228,768,5982 
2009,4,A,1,1396,2026,1396,7090 
2009,4,A,2,1396,1906,1390,7589 
2009,4,B,1,761,1036,707,7501 
2009,4,B,2,769,1001,755,7490 
2009,4,C,1,240,537,240,7302 
2009,4,C,2,262,412,255,6610 
2009,4,D,1,391,545,389,1053 
2009,4,D,2,421,555,418,889 
2009,4,E,1,720,1202,720,7326 
2009,4,E,2,717,1365,708,7789 
2009,5,A,1,1396,2037,1391,8489 
2009,5,A,2,1402,1999,1383,9889 
2009,5,B,1,814,1021,814,7552 
2009,5,B,2,774,1051,774,9180 
2009,5,C,1,231,310,225,7100 
2009,5,C,2,238,320,228,7600 
2009,5,D,1,392,569,376,902 
2009,5,D,2,393,535,378,810 
2009,5,E,1,716,1409,713,8501 
2009,5,E,2,725,1285,724,10046 
2009,6,A,1,1401,1967,1391,11690 
2009,6,A,2,1415,1735,1402,12899 
2009,6,B,1,760,1131,740,11889 
2009,6,B,2,760,1066,758,14840 
2009,6,C,1,237,321,235,9690 
2009,6,C,2,241,398,240,12615 
2009,6,D,1,406,472,374,889 
2009,6,D,2,405,571,399,901 
2009,6,E,1,719,1335,715,12901 
2009,6,E,2,717,1516,717,15100 
2009,7,A,1,1405,1655,1405,14310 
2009,7,A,2,1408,1603,1408,15291 
2009,7,B,1,780,1052,778,16801 
2009,7,B,2,762,992,737,18501 
2009,7,C,1,233,289,222,16888 
2009,7,C,2,232,376,228,17410 
2009,7,D,1,422,504,419,900 
2009,7,D,2,396,428,396,889 
2009,7,E,1,720,1278,693,17501 
2009,7,E,2,716,1352,711,18189 
2009,8,A,1,1395,1558,1395,13658 
2009,8,A,2,1395,1567,1387,15019 
2009,8,B,1,762,934,755,18890 
2009,8,B,2,785,889,784,16290 
2009,8,C,1,242,296,242,18801 
2009,8,C,2,235,348,229,17501 
2009,8,D,1,393,462,378,902 
2009,8,D,2,390,541,373,882 
2009,8,E,1,743,1224,737,19629 
2009,8,E,2,721,1187,721,17905 
2009,9,A,1,1395,1844,1391,18020 
2009,9,A,2,1403,1527,1400,15589 
2009,9,B,1,767,1003,767,19289 
2009,9,B,2,761,914,758,19801 
2009,9,C,1,231,404,230,16001 
2009,9,C,2,237,345,228,15000 
2009,9,D,1,405,460,404,1051 
2009,9,D,2,407,494,406,900 
2009,9,E,1,722,1227,720,19830 
2009,9,E,2,716,1244,705,20200 
2010,1,A,1,1152,1342,1145,18502 
2010,1,A,2,1151,1673,1149,20501 
2010,1,B,1,687,883,679,19190 
2010,1,B,2,717,1105,717,22400 
2010,1,C,1,173,265,173,19001 
2010,1,C,2,181,280,173,20090 
2010,1,D,1,373,509,365,889 
2010,1,D,2,378,551,378,852 
2010,1,E,1,586,1011,567,19889 
2010,1,E,2,588,1322,579,21899 
2010,2,A,1,1154,1326,1153,19989 
2010,2,A,2,1148,1493,1148,20340 
2010,2,B,1,693,930,690,23180 
2010,2,B,2,685,956,658,23889 
2010,2,C,1,165,250,162,21390 
2010,2,C,2,173,285,170,23501 
2010,2,D,1,371,525,349,852 
2010,2,D,2,363,472,355,1001 
2010,2,E,1,601,1069,596,22401 
2010,2,E,2,590,1255,587,24229 
2010,3,A,1,1148,1758,1141,20802 
2010,3,A,2,1146,2183,1137,28389 
2010,3,B,1,688,1087,667,26389 
2010,3,B,2,711,1207,699,36089 
2010,3,C,1,168,257,164,27001 
2010,3,C,2,168,341,141,32890 
2010,3,D,1,385,467,383,1159 
2010,3,D,2,371,495,368,1200 
2010,3,E,1,587,1184,575,27590 
2010,3,E,2,584,1507,554,42001 
2010,4,A,1,705,1379,597,34001 
2010,4,A,2,706,1242,704,30000 
2010,4,B,1,571,858,571,45501 
2010,4,B,2,561,896,549,40001 
2010,4,C,1,180,329,167,36511 
2010,4,C,2,203,298,203,35556 
2010,4,D,1,338,409,334,1221 
2010,4,D,2,339,383,311,1253 
2010,4,E,1,372,856,328,49000 
2010,4,E,2,390,709,383,43003 
2010,5,A,1,806,1294,798,26102 
2010,5,A,2,699,1036,697,27389 
2010,5,B,1,550,869,547,38000 
2010,5,B,2,561,715,553,34600 
2010,5,C,1,189,329,187,32501 
2010,5,C,2,176,296,170,29389 
2010,5,D,1,340,415,317,1252 
2010,5,D,2,364,468,360,1312 
2010,5,E,1,404,857,403,39002 
2010,5,E,2,367,608,365,39000 
2010,6,A,1,706,1107,704,30051 
2010,6,A,2,699,902,697,31510 
2010,6,B,1,553,779,546,40002 
2010,6,B,2,557,720,554,39911 
2010,6,C,1,178,273,177,30189 
2010,6,C,2,182,253,175,31689 
2010,6,D,1,359,504,344,1452 
2010,6,D,2,340,376,339,1454 
2010,6,E,1,361,639,322,41000 
2010,6,E,2,362,682,359,41006 
2010,7,A,1,700,893,676,29501 
2010,7,A,2,699,967,691,36162 
2010,7,B,1,557,671,557,35909 
2010,7,B,2,552,890,548,42889 
2010,7,C,1,177,277,176,31389 
2010,7,C,2,183,285,182,30601 
2010,7,D,1,351,476,347,1320 
2010,7,D,2,337,372,334,1290 
2010,7,E,1,399,660,399,41010 
2010,7,E,2,363,725,357,43565 
2010,8,A,1,622,786,589,32104 
2010,8,A,2,606,975,606,29000 
2010,8,B,1,479,662,479,43334 
2010,8,B,2,482,683,472,42810 
2010,8,C,1,205,284,205,30112 
2010,8,C,2,206,275,205,30002 
2010,8,D,1,336,384,326,1301 
2010,8,D,2,335,369,330,1251 
2010,8,E,1,309,594,308,42901 
2010,8,E,2,315,583,315,43501 
2010,9,A,1,631,775,628,33089 
2010,9,A,2,597,993,547,30001 
2010,9,B,1,479,757,479,44129 
2010,9,B,2,488,648,488,42501 
2010,9,C,1,204,291,190,33000 
2010,9,C,2,206,271,201,31001 
2010,9,D,1,342,453,329,1502 
2010,9,D,2,338,364,337,1452 
2010,9,E,1,310,460,308,44001 
2010,9,E,2,309,520,307,43290 
2011,1,A,1,614,1192,602,38889 
2011,1,A,2,607,1091,606,40123 
2011,1,B,1,481,790,474,69000 
2011,1,B,2,483,700,482,58910 
2011,1,C,1,205,294,205,35111 
2011,1,C,2,207,272,196,30000 
2011,1,D,1,340,398,337,1503 
2011,1,D,2,339,458,335,1690 
2011,1,E,1,309,475,305,75789 
2011,1,E,2,319,433,312,67009 
2011,2,A,1,523,1146,501,37124 
2011,2,A,2,511,788,494,42999 
2011,2,B,1,431,640,431,53400 
2011,2,B,2,424,726,423,62000 
2011,2,C,1,275,356,275,28589 
2011,2,C,2,287,368,282,29011 
2011,2,D,1,328,417,328,1819 
2011,2,D,2,330,461,294,2001 
2011,2,E,1,333,648,326,58890 
2011,2,E,2,336,558,335,62001 
2011,3,A,1,532,875,530,42600 
2011,3,A,2,527,927,472,43813 
2011,3,B,1,424,667,423,61894 
2011,3,B,2,424,579,424,57002 
2011,3,C,1,276,360,276,30001 
2011,3,C,2,281,371,279,29690 
2011,3,D,1,325,490,310,2604 
2011,3,D,2,362,429,362,2534 
2011,3,E,1,336,574,324,62010 
2011,3,E,2,330,458,330,59073 
2011,4,A,1,512,813,511,43212 
2011,4,A,2,565,964,552,44000 
2011,4,B,1,425,542,410,55001 
2011,4,B,2,423,627,422,56801 
2011,4,C,1,276,316,275,28189 
2011,4,C,2,277,346,269,23900 
2011,4,D,1,340,500,335,2490 
2011,4,D,2,326,478,326,2502 
2011,4,E,1,341,454,340,57100 
2011,4,E,2,330,484,329,56001 
2011,5,A,1,511,944,511,44790 
2011,5,A,2,523,760,521,46989 
2011,5,B,1,439,650,439,56011 
2011,5,B,2,424,564,424,56300 
2011,5,C,1,277,366,277,21889 
2011,5,C,2,283,381,279,22989 
2011,5,D,1,330,481,328,2253 
2011,5,D,2,326,486,324,2013 
2011,5,E,1,330,498,321,56490 
2011,5,E,2,331,470,322,56889 
2011,6,A,1,510,880,506,53390 
2011,6,A,2,512,715,512,50244 
2011,6,B,1,424,759,403,63000 
2011,6,B,2,423,684,410,67700 
2011,6,C,1,276,457,276,29006 
2011,6,C,2,279,391,270,31089 
2011,6,D,1,327,507,327,2491 
2011,6,D,2,328,367,322,2290 
2011,6,E,1,338,530,295,62000 
2011,6,E,2,339,468,334,65490 
2011,7,A,1,514,839,497,55989 
2011,7,A,2,510,776,501,56002 
2011,7,B,1,445,728,444,68501 
2011,7,B,2,436,626,436,72501 
2011,7,C,1,276,375,276,32590 
2011,7,C,2,284,393,281,34502 
2011,7,D,1,325,369,323,2360 
2011,7,D,2,332,496,332,2012 
2011,7,E,1,372,509,342,68811 
2011,7,E,2,335,459,328,74490 
2011,8,A,1,566,1034,566,48801 
2011,8,A,2,557,927,557,49301 
2011,8,B,1,354,469,349,70890 
2011,8,B,2,353,527,353,65521 
2011,8,C,1,241,383,239,34009 
2011,8,C,2,245,367,237,32289 
2011,8,D,1,390,470,390,1890 
2011,8,D,2,387,471,382,1999 
2011,8,E,1,360,488,360,70117 
2011,8,E,2,337,516,335,67000 
2011,9,A,1,548,794,547,51000 
2011,9,A,2,548,951,531,48006 
2011,9,B,1,359,496,356,63002 
2011,9,B,2,353,469,353,64889 
2011,9,C,1,243,328,236,31900 
2011,9,C,2,250,325,248,30089 
2011,9,D,1,388,532,382,2339 
2011,9,D,2,392,492,392,2109 
2011,9,E,1,330,466,329,65589 
2011,9,E,2,332,449,332,62502 
2012,1,A,1,554,901,554,46889 
2012,1,A,2,657,903,652,48112 
2012,1,B,1,356,511,356,65801 
2012,1,B,2,353,537,351,67889 
2012,1,C,1,242,357,239,38699 
2012,1,C,2,241,405,236,44001 
2012,1,D,1,388,434,386,1682 
2012,1,D,2,393,517,390,1552 
2012,1,E,1,344,530,341,65700 
2012,1,E,2,380,538,375,67101 
2012,2,A,1,619,1058,571,52809 
2012,2,A,2,624,1017,607,57009 
2012,2,B,1,350,635,346,73890 
2012,2,B,2,351,580,348,78189 
2012,2,C,1,162,307,158,49801 
2012,2,C,2,164,248,149,52004 
2012,2,D,1,412,512,409,1802 
2012,2,D,2,413,509,389,2012 
2012,2,E,1,312,425,312,73801 
2012,2,E,2,314,507,296,78000 
2012,3,A,1,667,912,649,56551 
2012,3,A,2,636,1067,626,56501 
2012,3,B,1,354,626,352,79304 
2012,3,B,2,352,529,352,82003 
2012,3,C,1,163,247,159,50009 
2012,3,C,2,174,241,174,51511 
2012,3,D,1,413,474,407,1490 
2012,3,D,2,434,584,433,2000 
2012,3,E,1,309,492,309,76881 
2012,3,E,2,327,449,327,80101 
2012,4,A,1,637,960,615,58501 
2012,4,A,2,629,1011,618,64201 
2012,4,B,1,352,483,348,83700 
2012,4,B,2,349,563,349,91000 
2012,4,C,1,163,222,163,53989 
2012,4,C,2,160,261,158,57589 
2012,4,D,1,416,542,416,1896 
2012,4,D,2,411,526,411,1924 
2012,4,E,1,309,413,307,84590 
2012,4,E,2,308,447,295,92010 
2012,5,A,1,641,822,593,62600 
2012,5,A,2,630,945,617,58001 
2012,5,B,1,354,545,354,92050 
2012,5,B,2,349,482,349,85216 
2012,5,C,1,159,218,159,58553 
2012,5,C,2,162,205,161,57106 
2012,5,D,1,410,514,410,2021 
2012,5,D,2,410,520,410,1890 
2012,5,E,1,311,457,304,88990 
2012,5,E,2,321,544,312,86889 
2012,6,A,1,668,1004,647,59003 
2012,6,A,2,633,920,577,59004 
2012,6,B,1,350,490,342,83000 
2012,6,B,2,349,477,346,85400 
2012,6,C,1,159,258,155,54522 
2012,6,C,2,161,242,158,54502 
2012,6,D,1,410,569,368,1912 
2012,6,D,2,410,517,393,1712 
2012,6,E,1,315,526,311,85889 
2012,6,E,2,317,427,315,84389 
2012,7,A,1,641,872,613,59421 
2012,7,A,2,676,911,669,68656 
2012,7,B,1,358,459,358,82289 
2012,7,B,2,353,549,352,90501 
2012,7,C,1,164,234,161,55556 
2012,7,C,2,163,222,162,55805 
2012,7,D,1,451,592,442,1760 
2012,7,D,2,426,531,425,1859 
2012,7,E,1,312,410,295,86999 
2012,7,E,2,310,429,306,92700 
2012,8,A,1,421,724,415,73501 
2012,8,A,2,400,530,391,66889 
2012,8,B,1,350,489,345,94502 
2012,8,B,2,351,532,351,88002 
2012,8,C,1,183,241,180,57001 
2012,8,C,2,181,261,178,59334 
2012,8,D,1,456,659,453,2081 
2012,8,D,2,448,535,444,2013 
2012,8,E,1,260,354,258,95034 
2012,8,E,2,247,301,238,93990 
2012,9,A,1,399,518,391,68000 
2012,9,A,2,402,486,402,63000 
2012,9,B,1,355,466,355,80191 
2012,9,B,2,351,523,349,88500 
2012,9,C,1,183,269,177,57334 
2012,9,C,2,182,230,181,57809 
2012,9,D,1,450,575,450,1801 
2012,9,D,2,450,566,434,1852 
2012,9,E,1,245,349,245,87999 
2012,9,E,2,252,421,245,89990 
2013,1,A,1,410,555,409,92100 
2013,1,A,2,409,489,409,91010 
2013,1,B,1,363,470,363,96210 
2013,1,B,2,351,452,351,95501 
2013,1,C,1,193,244,188,60000 
2013,1,C,2,184,262,184,57051 
2013,1,D,1,462,523,462,1933 
2013,1,D,2,461,530,461,1781 
2013,1,E,1,256,393,256,96101 
2013,1,E,2,251,344,248,97889 
2013,2,A,1,335,418,333,87109 
2013,2,A,2,333,427,329,78301 
2013,2,B,1,302,431,278,92901 
2013,2,B,2,303,409,299,92667 
2013,2,C,1,230,316,230,54989 
2013,2,C,2,225,285,225,53489 
2013,2,D,1,506,637,502,1782 
2013,2,D,2,506,589,469,1512 
2013,2,E,1,238,295,221,94890 
2013,2,E,2,241,370,200,91910 
2013,3,A,1,336,1180,329,74689 
2013,3,A,2,337,923,337,64209 
2013,3,B,1,326,1028,326,58090 
2013,3,B,2,307,940,300,73900 
2013,3,C,1,225,374,223,53900 
2013,3,C,2,225,312,225,54111 
2013,3,D,1,510,669,510,1895 
2013,3,D,2,543,634,543,1909 
2013,3,E,1,255,1036,248,65001 
2013,3,E,2,279,635,277,73301 
2013,4,A,1,341,966,339,61029 
2013,4,A,2,333,993,333,62497 
2013,4,B,1,302,835,287,67010 
2013,4,B,2,310,683,281,62000 
2013,4,C,1,227,334,227,56011 
2013,4,C,2,225,354,218,58502 
2013,4,D,1,506,680,412,1812 
2013,4,D,2,506,545,505,1791 
2013,4,E,1,245,450,244,66989 
2013,4,E,2,240,421,227,62000 
2013,5,A,1,336,912,329,62999 
2013,5,A,2,333,888,324,64839 
2013,5,B,1,317,601,317,61700 
2013,5,B,2,332,749,329,67304 
2013,5,C,1,225,312,223,57051 
2013,5,C,2,233,288,232,56889 
2013,5,D,1,600,719,595,1700 
2013,5,D,2,507,642,459,1663 
2013,5,E,1,239,447,238,62301 
2013,5,E,2,251,466,239,66701 
2013,6,A,1,341,855,336,67301 
2013,6,A,2,342,788,341,69903 
2013,6,B,1,302,732,274,75000 
2013,6,B,2,305,734,304,81751 
2013,6,C,1,227,292,226,57989 
2013,6,C,2,227,289,221,59001 
2013,6,D,1,511,616,479,1701 
2013,6,D,2,554,647,534,1712 
2013,6,E,1,239,534,189,76000 
2013,6,E,2,251,466,250,83001 
2013,7,A,1,338,716,328,73100 
2013,7,A,2,334,621,332,73989 
2013,7,B,1,331,652,325,77110 
2013,7,B,2,303,574,301,76389 
2013,7,C,1,226,301,226,61011 
2013,7,C,2,232,335,226,65036 
2013,7,D,1,538,679,536,1610 
2013,7,D,2,526,652,516,1712 
2013,7,E,1,288,485,284,77000 
2013,7,E,2,240,425,237,76802 
2013,8,A,1,373,754,371,75556 
2013,8,A,2,366,596,360,76223 
2013,8,B,1,380,682,373,77600 
2013,8,B,2,375,627,371,76607 
2013,8,C,1,258,364,257,68251 
2013,8,C,2,263,385,257,71001 
2013,8,D,1,482,568,481,1792 
2013,8,D,2,491,615,449,1722 
2013,8,E,1,264,407,261,77989 
2013,8,E,2,264,385,264,79223 
2013,9,A,1,366,609,365,77304 
2013,9,A,2,370,654,361,83751 
2013,9,B,1,381,623,378,77100 
2013,9,B,2,377,703,368,86239 
2013,9,C,1,258,340,254,73999 
2013,9,C,2,263,321,257,76001 
2013,9,D,1,481,569,481,1660 
2013,9,D,2,523,579,521,1703 
2013,9,E,1,263,431,181,80000 
2013,9,E,2,261,459,253,87001 
2014,1,A,1,364,623,361,72369 
2014,1,A,2,368,724,364,72290 
2014,1,B,1,386,581,377,78700 
2014,1,B,2,393,512,388,79000 
2014,1,C,1,258,337,252,48889 
2014,1,C,2,264,356,249,50001 
2014,1,D,1,489,542,487,1989 
2014,1,D,2,503,796,503,2704 
2014,1,E,1,261,392,244,79000 
2014,1,E,2,261,373,259,78810 
2014,2,A,1,362,719,356,71564 
2014,2,A,2,362,700,358,77201 
2014,2,B,1,360,523,360,75300 
2014,2,B,2,355,519,353,78604 
2014,2,C,1,267,364,264,51002 
2014,2,C,2,277,392,273,52890 
2014,2,D,1,361,550,353,3051 
2014,2,D,2,360,478,359,3501 
2014,2,E,1,208,351,205,77003 
2014,2,E,2,193,321,191,79000 
2014,3,A,1,365,615,356,76999 
2014,3,A,2,362,577,360,78602 
2014,3,B,1,350,499,337,80710 
2014,3,B,2,353,524,352,82900 
2014,3,C,1,265,439,262,56302 
2014,3,C,2,266,356,256,53891 
2014,3,D,1,368,483,340,4001 
2014,3,D,2,360,449,355,4289 
2014,3,E,1,193,292,185,82000 
2014,3,E,2,193,293,192,84001 
2014,4,A,1,367,537,360,77400 
2014,4,A,2,361,513,357,71335 
2014,4,B,1,363,523,363,84504 
2014,4,B,2,351,486,349,75010 
2014,4,C,1,265,303,261,49503 
2014,4,C,2,272,392,266,32890 
2014,4,D,1,388,520,388,4489 
2014,4,D,2,365,492,350,4502 
2014,4,E,1,199,283,197,84100 
2014,4,E,2,192,310,192,73810 
2014,5,A,1,513,676,512,60002 
2014,5,A,2,509,997,506,65689 
2014,5,B,1,483,778,472,70002 
2014,5,B,2,484,716,477,68103 
2014,5,C,1,389,715,389,36301 
2014,5,C,2,392,709,386,40889 
2014,5,D,1,343,445,340,4001 
2014,5,D,2,358,492,316,4003 
2014,5,E,1,295,525,295,65501 
2014,5,E,2,294,497,285,67290 
2014,6,A,1,507,1040,499,63190 
2014,6,A,2,509,1040,506,61899 
2014,6,B,1,494,807,484,67304 
2014,6,B,2,490,716,475,65700 
2014,6,C,1,385,617,378,43001 
2014,6,C,2,391,597,385,42001 
2014,6,D,1,346,449,346,4089 
2014,6,D,2,385,503,381,3890 
2014,6,E,1,293,465,292,67334 
2014,6,E,2,302,434,276,65301 
2014,7,A,1,513,1075,511,61990 
2014,7,A,2,509,1190,505,62890 
2014,7,B,1,493,812,491,64889 
2014,7,B,2,498,850,497,65001 
2014,7,C,1,392,653,383,43390 
2014,7,C,2,391,779,391,52010 
2014,7,D,1,344,415,343,4001 
2014,7,D,2,347,410,341,4252 
2014,7,E,1,294,441,288,63001 
2014,7,E,2,319,483,317,65002 
2014,8,A,1,574,1086,574,64600 
2014,8,A,2,575,994,574,65710 
2014,8,B,1,507,1090,501,68689 
2014,8,B,2,506,1137,502,72990 
2014,8,C,1,267,519,267,54009 
2014,8,C,2,257,427,254,52390 
2014,8,D,1,316,360,315,4353 
2014,8,D,2,322,361,317,4354 
2014,8,E,1,245,429,243,69001 
2014,8,E,2,241,358,224,72810 
2014,9,A,1,572,813,568,64841 
2014,9,A,2,573,792,573,62000 
2014,9,B,1,511,909,511,73010 
2014,9,B,2,509,785,507,71990 
2014,9,C,1,258,429,256,49901 
2014,9,C,2,261,437,252,49889 
2014,9,D,1,316,382,316,4453 
2014,9,D,2,320,394,318,4504 
2014,9,E,1,241,385,235,74403 
2014,9,E,2,256,395,252,74801 
2005,10,A,1,2785,3188,2784,11991 
2005,10,A,2,2808,5927,2759,14501 
2005,10,B,1,1288,1485,1288,11002 
2005,10,B,2,1267,2046,1250,14101 
2005,10,C,1,616,741,616,7334 
2005,10,C,2,587,730,587,7911 
2005,10,D,1,513,627,513,551 
2005,10,D,2,508,640,507,571 
2005,10,E,1,1417,1706,1352,12000 
2005,10,E,2,1441,2115,1427,14503 
2005,11,A,1,2786,5624,2779,14700 
2005,11,A,2,2834,4781,2761,14001 
2005,11,B,1,1265,2086,1263,14751 
2005,11,B,2,1282,1692,1276,14897 
2005,11,C,1,588,872,582,8889 
2005,11,C,2,587,717,587,8711 
2005,11,D,1,506,585,478,602 
2005,11,D,2,507,653,503,579 
2005,11,E,1,1460,1905,1441,14801 
2005,11,E,2,1408,2002,1408,14505 
2005,12,A,1,2792,4171,2790,13700 
2005,12,A,2,2858,3309,2858,12081 
2005,12,B,1,1267,1499,1255,13301 
2005,12,B,2,1271,1386,1261,9001 
2005,12,C,1,594,694,575,8501 
2005,12,C,2,587,672,579,5010 
2005,12,D,1,534,671,527,554 
2005,12,D,2,510,569,485,552 
2005,12,E,1,1414,2112,1406,14200 
2005,12,E,2,1394,1927,1386,13302 
2006,10,A,1,2670,2953,2644,12001 
2006,10,A,2,2669,2761,2669,10510 
2006,10,B,1,1272,1496,1253,12501 
2006,10,B,2,1269,1530,1269,12989 
2006,10,C,1,519,900,509,11203 
2006,10,C,2,663,749,630,2001 
2006,10,D,1,465,761,460,1001 
2006,10,D,2,448,633,412,1102 
2006,10,E,1,1370,2056,1292,13000 
2006,10,E,2,1295,1976,1290,12605 
2006,11,A,1,2695,4013,2693,12979 
2006,11,A,2,2669,3499,2668,12689 
2006,11,B,1,1288,1683,1288,13811 
2006,11,B,2,1269,1696,1266,14509 
2006,11,C,1,518,682,515,3669 
2006,11,C,2,540,577,539,1003 
2006,11,D,1,452,641,411,1201 
2006,11,D,2,483,512,476,702 
2006,11,E,1,1360,2122,1359,14156 
2006,11,E,2,1287,1981,1279,14501 
2006,12,A,1,2670,3018,2670,12200 
2006,12,A,2,2670,2886,2668,9605 
2006,12,B,1,1269,1521,1267,14389 
2006,12,B,2,1272,1413,1240,12889 
2006,12,C,1,511,550,510,509 
2006,12,C,2,508,490,490,1 
2006,12,D,1,488,759,476,1251 
2006,12,D,2,454,684,448,1210 
2006,12,E,1,1283,1991,1261,14669 
2006,12,E,2,1290,1708,1203,13499 
2007,10,A,1,2165,2604,2160,16999 
2007,10,A,2,2158,2472,2158,12401 
2007,10,B,1,1125,1409,1125,17102 
2007,10,B,2,1133,1370,1132,17589 
2007,10,C,1,354,496,347,13989 
2007,10,C,2,344,428,339,15889 
2007,10,D,1,443,594,434,1101 
2007,10,D,2,440,593,437,1050 
2007,10,E,1,1087,1527,1062,18000 
2007,10,E,2,1088,1586,1028,18000 
2007,11,A,1,2164,3040,2149,16839 
2007,11,A,2,2158,2450,2154,14404 
2007,11,B,1,1125,1438,1087,18001 
2007,11,B,2,1126,1339,1126,16401 
2007,11,C,1,352,532,350,15001 
2007,11,C,2,349,488,349,14389 
2007,11,D,1,448,574,433,1301 
2007,11,D,2,442,613,404,1052 
2007,11,E,1,1112,1653,1111,17809 
2007,11,E,2,1147,1683,1130,17001 
2007,12,A,1,2174,2373,2171,12001 
2007,12,A,2,2162,2588,2089,14001 
2007,12,B,1,1163,1334,1116,13114 
2007,12,B,2,1125,1578,1106,15802 
2007,12,C,1,347,431,340,13000 
2007,12,C,2,344,452,340,11851 
2007,12,D,1,454,767,418,1012 
2007,12,D,2,477,634,473,889 
2007,12,E,1,1088,1699,1081,15501 
2007,12,E,2,1104,1564,1022,16000 
2008,10,A,1,1856,2320,1848,13801 
2008,10,A,2,1846,2149,1835,10989 
2008,10,B,1,1132,1338,1132,14400 
2008,10,B,2,1100,1302,1099,7589 
2008,10,C,1,266,318,261,15899 
2008,10,C,2,270,390,252,11503 
2008,10,D,1,410,695,387,1889 
2008,10,D,2,420,576,419,1609 
2008,10,E,1,754,1144,747,15058 
2008,10,E,2,769,1100,765,12001 
2008,11,A,1,1848,2049,1848,10455 
2008,11,A,2,1851,1852,1840,2 
2008,11,B,1,1099,1216,1098,8301 
2008,11,B,2,1100,1181,1097,4889 
2008,11,C,1,269,353,266,8889 
2008,11,C,2,282,368,282,6189 
2008,11,D,1,432,598,427,1509 
2008,11,D,2,410,512,405,1012 
2008,11,E,1,760,1061,752,10490 
2008,11,E,2,757,1027,751,6889 
2008,12,A,1,1840,3149,1840,7721 
2008,12,A,2,1851,2788,1851,6200 
2008,12,B,1,1100,1411,1099,6501 
2008,12,B,2,1102,1318,1102,2656 
2008,12,C,1,267,374,257,5212 
2008,12,C,2,264,373,260,4001 
2008,12,D,1,414,640,414,1102 
2008,12,D,2,414,538,412,1059 
2008,12,E,1,761,1337,747,7589 
2008,12,E,2,759,1138,754,6509 
2009,10,A,1,1151,1392,1072,16201 
2009,10,A,2,1149,1544,1149,18899 
2009,10,B,1,685,816,666,18109 
2009,10,B,2,688,832,686,19510 
2009,10,C,1,167,241,165,21692 
2009,10,C,2,174,264,174,18110 
2009,10,D,1,365,429,349,902 
2009,10,D,2,364,435,364,931 
2009,10,E,1,584,1062,584,21301 
2009,10,E,2,592,1082,586,19901 
2009,11,A,1,1226,1395,1222,16747 
2009,11,A,2,1146,1261,1142,17189 
2009,11,B,1,704,779,697,18389 
2009,11,B,2,687,797,675,18002 
2009,11,C,1,167,252,165,16989 
2009,11,C,2,165,257,149,17000 
2009,11,D,1,380,458,351,902 
2009,11,D,2,363,388,363,851 
2009,11,E,1,582,923,575,19000 
2009,11,E,2,587,866,586,18267 
2009,12,A,1,1151,1658,1146,18502 
2009,12,A,2,1150,1465,1145,18150 
2009,12,B,1,692,857,690,19003 
2009,12,B,2,697,816,665,17889 
2009,12,C,1,167,334,159,18289 
2009,12,C,2,181,283,165,17900 
2009,12,D,1,393,515,383,854 
2009,12,D,2,363,447,348,851 
2009,12,E,1,589,850,585,18509 
2009,12,E,2,582,1005,575,17889 
2010,10,A,1,601,722,601,33132 
2010,10,A,2,647,817,647,32415 
2010,10,B,1,479,630,476,42801 
2010,10,B,2,479,766,478,44600 
2010,10,C,1,218,287,217,30889 
2010,10,C,2,210,287,210,30511 
2010,10,D,1,345,422,320,1502 
2010,10,D,2,333,430,304,1689 
2010,10,E,1,311,518,304,44090 
2010,10,E,2,311,455,287,44900 
2010,11,A,1,598,843,598,34001 
2010,11,A,2,597,833,577,39000 
2010,11,B,1,482,718,482,45501 
2010,11,B,2,480,709,459,47890 
2010,11,C,1,205,270,201,31006 
2010,11,C,2,205,241,202,31202 
2010,11,D,1,357,414,352,1452 
2010,11,D,2,361,424,324,1502 
2010,11,E,1,316,497,312,46001 
2010,11,E,2,333,634,332,49890 
2010,12,A,1,598,1020,582,47604 
2010,12,A,2,617,755,607,46129 
2010,12,B,1,479,1034,477,62502 
2010,12,B,2,499,872,494,72001 
2010,12,C,1,208,294,207,32001 
2010,12,C,2,208,300,205,33501 
2010,12,D,1,337,410,329,1701 
2010,12,D,2,369,406,362,1551 
2010,12,E,1,313,674,313,64900 
2010,12,E,2,311,463,302,76102 
2011,10,A,1,549,793,549,50289 
2011,10,A,2,565,873,554,56112 
2011,10,B,1,356,524,353,63600 
2011,10,B,2,353,633,353,75889 
2011,10,C,1,249,348,247,32801 
2011,10,C,2,244,354,229,37011 
2011,10,D,1,394,486,394,2078 
2011,10,D,2,387,486,380,2091 
2011,10,E,1,331,452,331,65058 
2011,10,E,2,330,518,306,73600 
2011,11,A,1,548,766,547,55997 
2011,11,A,2,559,756,541,54887 
2011,11,B,1,356,551,355,77000 
2011,11,B,2,353,518,338,77340 
2011,11,C,1,244,365,244,40803 
2011,11,C,2,256,335,248,40189 
2011,11,D,1,388,429,359,2012 
2011,11,D,2,394,469,389,1889 
2011,11,E,1,330,507,311,78001 
2011,11,E,2,355,496,352,75889 
2011,12,A,1,549,781,543,52392 
2011,12,A,2,566,878,457,50001 
2011,12,B,1,354,474,351,72350 
2011,12,B,2,368,464,368,70003 
2011,12,C,1,242,334,242,40009 
2011,12,C,2,249,361,249,39589 
2011,12,D,1,416,451,415,1902 
2011,12,D,2,392,456,386,1481 
2011,12,E,1,349,489,335,74340 
2011,12,E,2,334,521,285,71000 
2012,10,A,1,401,506,399,69000 
2012,10,A,2,393,509,390,71001 
2012,10,B,1,350,414,350,80001 
2012,10,B,2,353,540,353,85801 
2012,10,C,1,186,221,185,56001 
2012,10,C,2,180,229,180,57889 
2012,10,D,1,447,631,413,1912 
2012,10,D,2,463,605,462,1920 
2012,10,E,1,243,312,242,86889 
2012,10,E,2,249,371,233,87000 
2012,11,A,1,395,621,393,77201 
2012,11,A,2,396,540,393,77291 
2012,11,B,1,350,573,350,92400 
2012,11,B,2,351,487,342,93004 
2012,11,C,1,181,268,180,59111 
2012,11,C,2,179,254,177,60235 
2012,11,D,1,481,580,478,1959 
2012,11,D,2,448,523,441,1689 
2012,11,E,1,244,401,241,92100 
2012,11,E,2,258,352,250,93990 
2012,12,A,1,395,482,378,78523 
2012,12,A,2,395,499,378,81889 
2012,12,B,1,350,493,337,90200 
2012,12,B,2,360,478,360,93501 
2012,12,C,1,181,281,168,63035 
2012,12,C,2,182,242,178,62201 
2012,12,D,1,450,602,435,1612 
2012,12,D,2,454,522,440,1701 
2012,12,E,1,246,329,233,97000 
2012,12,E,2,250,406,241,95990 
2013,10,A,1,365,615,361,85000 
2013,10,A,2,373,596,373,76889 
2013,10,B,1,376,649,373,93500 
2013,10,B,2,382,515,376,87910 
2013,10,C,1,261,315,261,76310 
2013,10,C,2,263,358,262,68002 
2013,10,D,1,481,567,475,1961 
2013,10,D,2,482,586,481,1804 
2013,10,E,1,342,483,330,93889 
2013,10,E,2,269,337,264,92289 
2013,11,A,1,368,590,368,72609 
2013,11,A,2,364,650,361,74991 
2013,11,B,1,376,482,376,84578 
2013,11,B,2,379,536,375,79300 
2013,11,C,1,257,427,256,55503 
2013,11,C,2,258,397,252,55002 
2013,11,D,1,487,569,487,1710 
2013,11,D,2,481,543,437,1712 
2013,11,E,1,273,379,270,89001 
2013,11,E,2,266,410,259,83000 
2013,12,A,1,364,591,364,73160 
2013,12,A,2,367,574,363,74002 
2013,12,B,1,373,549,360,73010 
2013,12,B,2,377,500,357,75700 
2013,12,C,1,258,359,257,51112 
2013,12,C,2,263,338,256,48001 
2013,12,D,1,481,647,473,1782 
2013,12,D,2,524,680,501,1812 
2013,12,E,1,264,365,264,76901 
2013,12,E,2,268,375,268,77501 
2014,10,A,1,575,1097,570,63880 
2014,10,A,2,572,1092,569,63990 
2014,10,B,1,505,852,501,72180 
2014,10,B,2,507,822,506,72002 
2014,10,C,1,259,516,257,57389 
2014,10,C,2,267,416,266,61000 
2014,10,D,1,316,502,316,4800 
2014,10,D,2,317,431,310,4412 
2014,10,E,1,245,390,236,72003 
2014,10,E,2,242,335,242,72201 
