Year,Quarter,Town,3-room,4-room,5-room,Executive
2014,Q2,Ang Mo Kio,338000,465000,*,-
2014,Q2,Bedok,320000,425000,614000,*
2014,Q2,Bishan,*,525000,*,*
2014,Q2,Bukit Batok,301500,420000,*,*
2014,Q2,Bukit Merah,378000,660000,786500,-
2014,Q2,Bukit Panjang,312500,388000,461500,*
2014,Q2,Bukit Timah,*,-,*,-
2014,Q2,Central,432500,*,*,-
2014,Q2,Choa Chu Kang,*,380000,468000,*
2014,Q2,Clementi,365000,520000,*,*
2014,Q2,Geylang,300000,*,*,*
2014,Q2,Hougang,318000,415000,513500,*
2014,Q2,Jurong East,320000,415000,*,*
2014,Q2,Jurong West,305000,390000,470000,572500
2014,Q2,Kallang/Whampoa,350000,570000,670000,*
2014,Q2,Marine Parade,*,*,*,-
2014,Q2,Pasir Ris,*,422300,501500,629000
2014,Q2,Punggol,-,433000,476500,*
2014,Q2,Queenstown,368000,705000,*,-
2014,Q2,Sembawang,-,396500,448000,*
2014,Q2,Sengkang,*,448000,479500,*
2014,Q2,Serangoon,360000,475000,*,*
2014,Q2,Tampines,347500,445000,532000,693800
2014,Q2,Toa Payoh,340000,540000,*,*
2014,Q2,Woodlands,283000,380000,436300,600000
2014,Q2,Yishun,305000,368000,475000,*
2014,Q1,Ang Mo Kio,355000,478000,635000,*
2014,Q1,Bedok,335000,435000,575000,*
2014,Q1,Bishan,*,516500,*,*
2014,Q1,Bukit Batok,320000,418000,585000,*
2014,Q1,Bukit Merah,390000,645000,780000,-
2014,Q1,Bukit Panjang,*,400000,478400,*
2014,Q1,Bukit Timah,*,*,*,*
2014,Q1,Central,*,*,-,-
2014,Q1,Choa Chu Kang,*,395000,488000,*
2014,Q1,Clementi,373000,516500,*,*
2014,Q1,Geylang,311500,507900,*,*
2014,Q1,Hougang,325000,431500,521400,*
2014,Q1,Jurong East,323000,*,604000,*
2014,Q1,Jurong West,313000,400000,480000,580000
2014,Q1,Kallang/Whampoa,343000,530000,*,*
2014,Q1,Marine Parade,400000,*,*,-
2014,Q1,Pasir Ris,-,428000,504000,650000
2014,Q1,Punggol,-,462500,506800,*
2014,Q1,Queenstown,357000,700000,*,*
2014,Q1,Sembawang,-,400000,465000,*
2014,Q1,Sengkang,*,440000,495500,597500
2014,Q1,Serangoon,356800,455000,*,*
2014,Q1,Tampines,355000,456500,555000,679400
2014,Q1,Toa Payoh,330000,590000,*,*
2014,Q1,Woodlands,314500,384500,450000,600000
2014,Q1,Yishun,311000,380000,475000,*
2013,Q4,Ang Mo Kio,345000,482000,*,*
2013,Q4,Bedok,332000,446000,559000,*
2013,Q4,Bishan,*,509000,*,*
2013,Q4,Bukit Batok,320000,425300,*,*
2013,Q4,Bukit Merah,393000,650900,759000,-
2013,Q4,Bukit Panjang,*,409000,470000,*
2013,Q4,Bukit Timah,*,-,*,*
2013,Q4,Central,*,*,-,-
2013,Q4,Choa Chu Kang,*,411000,490500,*
2013,Q4,Clementi,350000,517500,*,-
2013,Q4,Geylang,301900,520000,*,*
2013,Q4,Hougang,348500,440000,550000,685000
2013,Q4,Jurong East,331000,439000,*,*
2013,Q4,Jurong West,318900,412300,490000,568000
2013,Q4,Kallang/Whampoa,345000,530000,*,*
2013,Q4,Marine Parade,*,*,*,-
2013,Q4,Pasir Ris,*,440500,510000,650000
2013,Q4,Punggol,-,475500,515000,*
2013,Q4,Queenstown,369000,690000,*,-
2013,Q4,Sembawang,-,410000,473000,*
2013,Q4,Sengkang,*,450000,498000,*
2013,Q4,Serangoon,355500,475000,*,*
2013,Q4,Tampines,365000,457400,550000,*
2013,Q4,Toa Payoh,340000,536500,*,*
2013,Q4,Woodlands,300000,390000,460000,628000
2013,Q4,Yishun,318000,386500,*,*
2013,Q3,Ang Mo Kio,356000,485000,*,*
2013,Q3,Bedok,343500,450000,600000,*
2013,Q3,Bishan,*,545000,*,*
2013,Q3,Bukit Batok,326000,437000,588000,*
2013,Q3,Bukit Merah,398000,652000,782000,-
2013,Q3,Bukit Panjang,*,421000,485000,632900
2013,Q3,Bukit Timah,*,*,*,-
2013,Q3,Central,*,*,*,-
2013,Q3,Choa Chu Kang,*,420900,482500,*
2013,Q3,Clementi,356000,519400,*,*
2013,Q3,Geylang,315000,496000,*,*
2013,Q3,Hougang,343000,445000,536000,*
2013,Q3,Jurong East,337000,438000,*,*
2013,Q3,Jurong West,328000,415000,492000,574000
2013,Q3,Kallang/Whampoa,359500,565000,*,*
2013,Q3,Marine Parade,*,*,*,-
2013,Q3,Pasir Ris,*,445000,526500,628000
2013,Q3,Punggol,-,480000,535000,*
2013,Q3,Queenstown,408000,710900,*,-
2013,Q3,Sembawang,-,432000,492000,*
2013,Q3,Sengkang,*,480000,523000,*
2013,Q3,Serangoon,367000,488000,*,*
2013,Q3,Tampines,364000,468000,543000,695000
2013,Q3,Toa Payoh,343000,541500,*,*
2013,Q3,Woodlands,317500,402500,460000,629000
2013,Q3,Yishun,322000,398000,505000,*
2013,Q2,Ang Mo Kio,362300,492000,*,*
2013,Q2,Bedok,346000,447000,625000,*
2013,Q2,Bishan,*,551500,*,*
2013,Q2,Bukit Batok,337800,445000,*,*
2013,Q2,Bukit Merah,408900,671500,820000,-
2013,Q2,Bukit Panjang,*,428000,522000,*
2013,Q2,Bukit Timah,*,*,-,*
2013,Q2,Central,*,*,*,-
2013,Q2,Choa Chu Kang,*,430000,496000,*
2013,Q2,Clementi,361500,546500,*,*
2013,Q2,Geylang,321000,477300,*,*
2013,Q2,Hougang,355000,446500,549000,700000
2013,Q2,Jurong East,345800,435000,580000,*
2013,Q2,Jurong West,333000,430000,522900,600000
2013,Q2,Kallang/Whampoa,359500,539000,*,*
2013,Q2,Marine Parade,*,*,*,-
2013,Q2,Pasir Ris,-,455000,523500,640000
2013,Q2,Punggol,-,482500,542500,*
2013,Q2,Queenstown,391800,693800,*,*
2013,Q2,Sembawang,-,426000,490000,*
2013,Q2,Sengkang,*,486500,532000,620000
2013,Q2,Serangoon,372500,500000,*,*
2013,Q2,Tampines,376000,473000,548000,700000
2013,Q2,Toa Payoh,359000,603000,712500,*
2013,Q2,Woodlands,320000,415000,473000,657500
2013,Q2,Yishun,337000,404000,515000,*
2013,Q1,Ang Mo Kio,368000,488000,667500,-
2013,Q1,Bedok,355000,459000,620000,*
2013,Q1,Bishan,*,555000,740000,*
2013,Q1,Bukit Batok,336000,443000,640000,*
2013,Q1,Bukit Merah,412000,704000,775000,-
2013,Q1,Bukit Panjang,348500,425000,545500,609000
2013,Q1,Bukit Timah,*,*,*,*
2013,Q1,Central,*,*,-,-
2013,Q1,Choa Chu Kang,*,440000,510000,*
2013,Q1,Clementi,390000,547500,*,*
2013,Q1,Geylang,330000,512500,*,-
2013,Q1,Hougang,350500,451000,555000,660000
2013,Q1,Jurong East,350000,455000,542000,*
2013,Q1,Jurong West,320000,445000,515000,601000
2013,Q1,Kallang/Whampoa,349000,547500,717500,*
2013,Q1,Marine Parade,*,*,*,-
2013,Q1,Pasir Ris,*,466500,535000,655000
2013,Q1,Punggol,-,506000,560000,*
2013,Q1,Queenstown,380000,710000,*,-
2013,Q1,Sembawang,-,441000,498500,580000
2013,Q1,Sengkang,*,501500,538500,638000
2013,Q1,Serangoon,378500,470000,*,*
2013,Q1,Tampines,376500,480000,558000,695000
2013,Q1,Toa Payoh,359500,645000,750000,*
2013,Q1,Woodlands,330000,422500,480000,639000
2013,Q1,Yishun,341000,416500,515000,608000
2012,Q4,Ang Mo Kio,366000,495000,649000,*
2012,Q4,Bedok,350000,455000,600000,*
2012,Q4,Bishan,*,532500,*,*
2012,Q4,Bukit Batok,339000,448000,*,*
2012,Q4,Bukit Merah,398000,675000,800000,-
2012,Q4,Bukit Panjang,*,423000,520000,*
2012,Q4,Bukit Timah,*,*,*,*
2012,Q4,Central,*,*,-,-
2012,Q4,Choa Chu Kang,*,436900,499800,*
2012,Q4,Clementi,378500,*,*,*
2012,Q4,Geylang,326500,501000,*,*
2012,Q4,Hougang,359000,446000,548000,*
2012,Q4,Jurong East,343000,455000,592900,*
2012,Q4,Jurong West,338000,432000,513000,592500
2012,Q4,Kallang/Whampoa,377500,530000,*,*
2012,Q4,Marine Parade,*,*,*,-
2012,Q4,Pasir Ris,*,459000,546800,652500
2012,Q4,Punggol,-,518000,565000,*
2012,Q4,Queenstown,365000,679000,*,-
2012,Q4,Sembawang,-,446000,500000,585000
2012,Q4,Sengkang,*,486000,535000,628900
2012,Q4,Serangoon,*,471500,*,*
2012,Q4,Tampines,375500,481200,565000,691000
2012,Q4,Toa Payoh,355000,592000,781900,*
2012,Q4,Woodlands,332000,420000,480000,616500
2012,Q4,Yishun,340000,411000,522000,*
2012,Q3,Ang Mo Kio,363000,489000,640000,-
2012,Q3,Bedok,348000,445000,613000,*
2012,Q3,Bishan,*,527500,687000,*
2012,Q3,Bukit Batok,329000,448500,618000,678000
2012,Q3,Bukit Merah,388000,660000,765000,-
2012,Q3,Bukit Panjang,347000,418000,490000,595400
2012,Q3,Bukit Timah,*,*,*,-
2012,Q3,Central,*,*,*,-
2012,Q3,Choa Chu Kang,*,432400,495000,603000
2012,Q3,Clementi,375000,550000,*,*
2012,Q3,Geylang,328000,485000,*,*
2012,Q3,Hougang,350000,454000,538000,670900
2012,Q3,Jurong East,341000,453000,550000,*
2012,Q3,Jurong West,331000,430000,510500,588000
2012,Q3,Kallang/Whampoa,369500,561500,676500,*
2012,Q3,Marine Parade,*,*,*,-
2012,Q3,Pasir Ris,*,455000,535000,670000
2012,Q3,Punggol,-,515000,560000,*
2012,Q3,Queenstown,388000,710000,*,-
2012,Q3,Sembawang,-,438000,491500,551500
2012,Q3,Sengkang,*,468000,525500,630000
2012,Q3,Serangoon,365000,487500,*,*
2012,Q3,Tampines,375000,475000,550000,670000
2012,Q3,Toa Payoh,366000,556400,698000,*
2012,Q3,Woodlands,316500,415000,470000,603500
2012,Q3,Yishun,335000,414000,510000,*
2012,Q2,Ang Mo Kio,357000,473000,652500,*
2012,Q2,Bedok,342000,437500,585000,*
2012,Q2,Bishan,*,511000,687000,*
2012,Q2,Bukit Batok,327500,430000,586900,*
2012,Q2,Bukit Merah,392500,617000,754000,-
2012,Q2,Bukit Panjang,345000,413000,500000,610000
2012,Q2,Bukit Timah,*,*,*,*
2012,Q2,Central,442500,*,*,-
2012,Q2,Choa Chu Kang,*,425000,486000,587800
2012,Q2,Clementi,388000,489000,*,*
2012,Q2,Geylang,314000,466000,*,*
2012,Q2,Hougang,340500,435000,523000,653500
2012,Q2,Jurong East,343000,437500,*,*
2012,Q2,Jurong West,324000,423000,497500,588000
2012,Q2,Kallang/Whampoa,347000,525000,657500,*
2012,Q2,Marine Parade,410000,*,*,-
2012,Q2,Pasir Ris,*,445000,530000,635000
2012,Q2,Punggol,-,482000,550000,*
2012,Q2,Queenstown,388000,690000,*,*
2012,Q2,Sembawang,-,425000,480000,556000
2012,Q2,Sengkang,*,466500,518000,602000
2012,Q2,Serangoon,345000,480000,552000,*
2012,Q2,Tampines,375000,462500,536000,658000
2012,Q2,Toa Payoh,353000,541500,682500,*
2012,Q2,Woodlands,311500,405000,461000,580000
2012,Q2,Yishun,325000,400000,498000,585000
2012,Q1,Ang Mo Kio,346000,460000,620000,*
2012,Q1,Bedok,335500,432000,576500,*
2012,Q1,Bishan,335000,509000,658500,*
2012,Q1,Bukit Batok,323000,428000,591900,626500
2012,Q1,Bukit Merah,384500,595000,750500,-
2012,Q1,Bukit Panjang,338000,410000,481800,594000
2012,Q1,Bukit Timah,*,*,*,*
2012,Q1,Central,440000,*,*,-
2012,Q1,Choa Chu Kang,*,420000,481500,573900
2012,Q1,Clementi,376500,500000,*,*
2012,Q1,Geylang,308000,457000,682500,*
2012,Q1,Hougang,335000,428000,515000,626900
2012,Q1,Jurong East,337000,430000,517500,*
2012,Q1,Jurong West,308500,414000,491000,570000
2012,Q1,Kallang/Whampoa,355000,502000,668400,*
2012,Q1,Marine Parade,399000,*,*,-
2012,Q1,Pasir Ris,*,439400,510000,630000
2012,Q1,Punggol,-,475500,533000,611000
2012,Q1,Queenstown,375500,638000,*,*
2012,Q1,Sembawang,-,419000,468000,547000
2012,Q1,Sengkang,-,447000,513900,615000
2012,Q1,Serangoon,335500,488000,*,680000
2012,Q1,Tampines,367000,453000,530000,640000
2012,Q1,Toa Payoh,350000,534000,684000,*
2012,Q1,Woodlands,310000,395000,455000,570500
2012,Q1,Yishun,321500,386000,492000,620000
2011,Q4,Ang Mo Kio,350000,455000,621500,*
2011,Q4,Bedok,330000,422400,560000,*
2011,Q4,Bishan,*,520500,678500,*
2011,Q4,Bukit Batok,320000,416500,520000,*
2011,Q4,Bukit Merah,373500,590000,729000,-
2011,Q4,Bukit Panjang,*,408000,486500,600000
2011,Q4,Bukit Timah,-,*,*,*
2011,Q4,Central,460000,*,*,-
2011,Q4,Choa Chu Kang,*,410000,485000,*
2011,Q4,Clementi,375000,495000,*,*
2011,Q4,Geylang,310000,462000,*,*
2011,Q4,Hougang,335000,425000,514000,620000
2011,Q4,Jurong East,330000,420000,528000,*
2011,Q4,Jurong West,312000,412000,478000,555000
2011,Q4,Kallang/Whampoa,330000,513000,*,*
2011,Q4,Marine Parade,*,*,*,-
2011,Q4,Pasir Ris,*,432000,507000,610000
2011,Q4,Punggol,-,474000,523500,*
2011,Q4,Queenstown,365000,655000,*,*
2011,Q4,Sembawang,-,421500,466000,532000
2011,Q4,Sengkang,*,450000,512600,600000
2011,Q4,Serangoon,350000,466000,*,*
2011,Q4,Tampines,362000,448000,523000,643400
2011,Q4,Toa Payoh,338000,565000,721500,*
2011,Q4,Woodlands,305000,392000,445000,565000
2011,Q4,Yishun,319000,384000,487100,564000
2011,Q3,Ang Mo Kio,341500,468000,606400,*
2011,Q3,Bedok,331500,430000,545000,*
2011,Q3,Bishan,*,500000,650000,*
2011,Q3,Bukit Batok,320000,427000,546000,*
2011,Q3,Bukit Merah,376500,578500,712000,-
2011,Q3,Bukit Panjang,*,404900,482900,565000
2011,Q3,Bukit Timah,*,*,*,*
2011,Q3,Central,426500,*,*,-
2011,Q3,Choa Chu Kang,*,409500,465000,571000
2011,Q3,Clementi,361300,506000,*,*
2011,Q3,Geylang,313000,495000,*,*
2011,Q3,Hougang,331500,423000,517500,595000
2011,Q3,Jurong East,325000,415500,495000,*
2011,Q3,Jurong West,300000,400500,475000,569000
2011,Q3,Kallang/Whampoa,345000,515500,639000,*
2011,Q3,Marine Parade,*,*,*,-
2011,Q3,Pasir Ris,-,439000,500000,620000
2011,Q3,Punggol,-,475000,521500,*
2011,Q3,Queenstown,370000,651000,*,*
2011,Q3,Sembawang,-,415000,465000,525000
2011,Q3,Sengkang,-,450000,511000,590000
2011,Q3,Serangoon,340000,467500,565000,*
2011,Q3,Tampines,356000,450000,525000,630000
2011,Q3,Toa Payoh,348000,481500,645000,*
2011,Q3,Woodlands,302500,392000,446500,565000
2011,Q3,Yishun,312000,382000,487000,574500
2011,Q2,Ang Mo Kio,340800,445500,599000,*
2011,Q2,Bedok,325500,420000,530000,*
2011,Q2,Bishan,*,527000,647300,*
2011,Q2,Bukit Batok,314500,421000,568000,*
2011,Q2,Bukit Merah,374000,595900,715000,-
2011,Q2,Bukit Panjang,320000,394000,475000,570500
2011,Q2,Bukit Timah,*,*,*,-
2011,Q2,Central,*,*,*,-
2011,Q2,Choa Chu Kang,*,406500,458000,550000
2011,Q2,Clementi,365000,500000,*,*
2011,Q2,Geylang,308000,461500,638000,*
2011,Q2,Hougang,325000,420000,505000,607000
2011,Q2,Jurong East,321000,430000,506500,*
2011,Q2,Jurong West,310000,404500,470000,566000
2011,Q2,Kallang/Whampoa,330000,480000,630000,*
2011,Q2,Marine Parade,413500,*,*,-
2011,Q2,Pasir Ris,*,427000,487500,587500
2011,Q2,Punggol,-,460400,518000,*
2011,Q2,Queenstown,352500,*,*,*
2011,Q2,Sembawang,-,403000,453500,*
2011,Q2,Sengkang,-,450000,503000,596000
2011,Q2,Serangoon,330000,439000,520000,*
2011,Q2,Tampines,348000,445000,521500,630000
2011,Q2,Toa Payoh,338000,540000,666000,*
2011,Q2,Woodlands,300000,382500,435000,540000
2011,Q2,Yishun,307000,377000,460000,*
2011,Q1,Ang Mo Kio,330000,423000,610000,-
2011,Q1,Bedok,311500,401000,550000,*
2011,Q1,Bishan,*,493000,630000,*
2011,Q1,Bukit Batok,300000,401000,566500,600000
2011,Q1,Bukit Merah,350000,589000,696000,-
2011,Q1,Bukit Panjang,300000,381000,449500,529000
2011,Q1,Bukit Timah,*,*,*,*
2011,Q1,Central,411000,*,*,-
2011,Q1,Choa Chu Kang,*,388000,440500,546000
2011,Q1,Clementi,350000,475000,*,*
2011,Q1,Geylang,295000,471000,651500,*
2011,Q1,Hougang,311000,398000,480000,550000
2011,Q1,Jurong East,311500,404000,500900,*
2011,Q1,Jurong West,286000,390000,454000,548000
2011,Q1,Kallang/Whampoa,336500,480250,605000,*
2011,Q1,Marine Parade,*,*,*,-
2011,Q1,Pasir Ris,*,415000,485000,585000
2011,Q1,Punggol,-,445000,505000,*
2011,Q1,Queenstown,336000,644000,*,*
2011,Q1,Sembawang,-,395000,440000,502500
2011,Q1,Sengkang,-,425500,485000,575000
2011,Q1,Serangoon,324500,410000,507000,*
2011,Q1,Tampines,340000,433000,498000,601000
2011,Q1,Toa Payoh,323800,509000,662000,*
2011,Q1,Woodlands,285000,368000,420000,530000
2011,Q1,Yishun,297500,358000,453000,*
2010,Q4,Ang Mo Kio,318000,418000,590800,-
2010,Q4,Bedok,300000,397000,512000,*
2010,Q4,Bishan,*,463000,615000,*
2010,Q4,Bukit Batok,293000,382000,548400,577500
2010,Q4,Bukit Merah,343500,555000,690000,-
2010,Q4,Bukit Panjang,298000,369000,425000,516000
2010,Q4,Bukit Timah,*,*,*,-
2010,Q4,Central,*,*,*,-
2010,Q4,Choa Chu Kang,*,373500,437300,529000
2010,Q4,Clementi,341000,495000,*,*
2010,Q4,Geylang,285000,458000,*,*
2010,Q4,Hougang,305000,388000,465000,567500
2010,Q4,Jurong East,305000,378000,475000,*
2010,Q4,Jurong West,271500,377000,451500,502000
2010,Q4,Kallang/Whampoa,317000,465000,*,*
2010,Q4,Marine Parade,*,*,*,-
2010,Q4,Pasir Ris,*,400000,468000,565000
2010,Q4,Punggol,-,426400,494000,*
2010,Q4,Queenstown,330000,573000,*,*
2010,Q4,Sembawang,-,390000,423900,500000
2010,Q4,Sengkang,-,411500,467000,570000
2010,Q4,Serangoon,317000,399500,*,*
2010,Q4,Tampines,326000,412000,472300,587500
2010,Q4,Toa Payoh,315000,456500,630000,*
2010,Q4,Woodlands,275000,356000,409000,507000
2010,Q4,Yishun,285000,342000,440000,*
2010,Q3,Ang Mo Kio,310000,418000,580000,-
2010,Q3,Bedok,300000,384000,504000,*
2010,Q3,Bishan,*,460000,593000,*
2010,Q3,Bukit Batok,290000,385000,539000,573000
2010,Q3,Bukit Merah,345000,558000,662000,-
2010,Q3,Bukit Panjang,287400,351500,457000,560000
2010,Q3,Bukit Timah,*,*,*,*
2010,Q3,Central,386000,*,*,-
2010,Q3,Choa Chu Kang,*,369000,425000,491900
2010,Q3,Clementi,340400,462500,*,*
2010,Q3,Geylang,276000,450000,*,*
2010,Q3,Hougang,292000,384000,459000,545000
2010,Q3,Jurong East,293000,372000,456500,*
2010,Q3,Jurong West,276000,370000,445500,500000
2010,Q3,Kallang/Whampoa,314000,465000,584000,*
2010,Q3,Marine Parade,393000,*,*,-
2010,Q3,Pasir Ris,*,395000,448000,550000
2010,Q3,Punggol,-,405000,480000,*
2010,Q3,Queenstown,331500,617000,*,*
2010,Q3,Sembawang,-,380000,425000,492500
2010,Q3,Sengkang,-,410000,465000,542500
2010,Q3,Serangoon,308000,404400,489000,*
2010,Q3,Tampines,316000,400000,474000,576500
2010,Q3,Toa Payoh,318000,475000,586000,*
2010,Q3,Woodlands,264500,348000,404500,494000
2010,Q3,Yishun,280000,337000,426000,*
2010,Q2,Ang Mo Kio,305000,408000,589000,*
2010,Q2,Bedok,292000,372500,500000,564500
2010,Q2,Bishan,362000,470000,572000,695000
2010,Q2,Bukit Batok,280000,380000,532000,576500
2010,Q2,Bukit Merah,338000,542000,673000,-
2010,Q2,Bukit Panjang,285000,346000,415000,522500
2010,Q2,Bukit Timah,*,*,*,*
2010,Q2,Central,365000,*,*,-
2010,Q2,Choa Chu Kang,*,363500,420000,513000
2010,Q2,Clementi,330000,461500,566500,*
2010,Q2,Geylang,278000,394800,552500,*
2010,Q2,Hougang,288000,368000,450000,550000
2010,Q2,Jurong East,288000,386900,488500,*
2010,Q2,Jurong West,270000,361000,439500,490000
2010,Q2,Kallang/Whampoa,300000,472500,581000,*
2010,Q2,Marine Parade,379000,*,*,-
2010,Q2,Pasir Ris,-,388500,441000,537500
2010,Q2,Punggol,-,414000,465000,*
2010,Q2,Queenstown,320000,584000,720000,*
2010,Q2,Sembawang,-,380000,423000,470000
2010,Q2,Sengkang,-,389500,453000,524000
2010,Q2,Serangoon,292000,393300,464500,552500
2010,Q2,Tampines,313000,395000,461500,555000
2010,Q2,Toa Payoh,310000,390000,576500,*
2010,Q2,Woodlands,260000,342900,398000,479000
2010,Q2,Yishun,280000,330000,415000,500000
2010,Q1,Ang Mo Kio,290000,389500,550000,*
2010,Q1,Bedok,280000,367000,490000,535000
2010,Q1,Bishan,338000,452500,590000,685500
2010,Q1,Bukit Batok,271700,366000,520000,545000
2010,Q1,Bukit Merah,320000,500000,661500,-
2010,Q1,Bukit Panjang,275000,340000,406500,496000
2010,Q1,Bukit Timah,*,*,*,*
2010,Q1,Central,372500,*,*,-
2010,Q1,Choa Chu Kang,*,348000,410000,485000
2010,Q1,Clementi,315000,435000,557500,*
2010,Q1,Geylang,261000,398000,546000,*
2010,Q1,Hougang,273000,361500,438000,519000
2010,Q1,Jurong East,277000,348000,472500,580000
2010,Q1,Jurong West,255000,350000,415000,469000
2010,Q1,Kallang/Whampoa,295000,430000,565000,*
2010,Q1,Marine Parade,370000,*,*,-
2010,Q1,Pasir Ris,*,376300,419500,538800
2010,Q1,Punggol,-,388000,448400,*
2010,Q1,Queenstown,320000,550000,675000,*
2010,Q1,Sembawang,-,360000,407500,468800
2010,Q1,Sengkang,-,388000,437000,510000
2010,Q1,Serangoon,286000,380000,447000,561500
2010,Q1,Tampines,302800,387000,445000,550000
2010,Q1,Toa Payoh,300000,450000,583000,*
2010,Q1,Woodlands,250000,331500,389500,486000
2010,Q1,Yishun,265000,315000,405900,460000
2009,Q4,Ang Mo Kio,278000,384500,503000,*
2009,Q4,Bedok,265000,350000,480000,568000
2009,Q4,Bishan,322000,433500,550000,627500
2009,Q4,Bukit Batok,265000,372000,485000,511000
2009,Q4,Bukit Merah,309500,493000,635000,-
2009,Q4,Bukit Panjang,260000,320000,393000,485000
2009,Q4,Bukit Timah,*,*,*,*
2009,Q4,Central,354000,456000,*,-
2009,Q4,Choa Chu Kang,*,336000,399000,470000
2009,Q4,Clementi,288500,429000,*,*
2009,Q4,Geylang,252500,397500,498500,*
2009,Q4,Hougang,260000,345000,427000,500000
2009,Q4,Jurong East,268000,342000,460000,*
2009,Q4,Jurong West,243500,336000,413000,475000
2009,Q4,Kallang/Whampoa,275000,438800,560500,*
2009,Q4,Marine Parade,354500,*,*,-
2009,Q4,Pasir Ris,*,360000,410000,512500
2009,Q4,Punggol,-,369000,430000,497500
2009,Q4,Queenstown,295000,505000,658500,*
2009,Q4,Sembawang,-,349000,400000,450000
2009,Q4,Sengkang,-,369000,420000,490000
2009,Q4,Serangoon,277500,357500,*,*
2009,Q4,Tampines,293000,370500,430000,515000
2009,Q4,Toa Payoh,286000,418000,550000,*
2009,Q4,Woodlands,233500,320000,372000,455000
2009,Q4,Yishun,248000,296000,388500,475500
2009,Q3,Ang Mo Kio,274000,371500,503000,*
2009,Q3,Bedok,252000,335000,465000,515000
2009,Q3,Bishan,290000,412500,538000,*
2009,Q3,Bukit Batok,255000,349000,463000,482000
2009,Q3,Bukit Merah,303500,489000,610000,-
2009,Q3,Bukit Panjang,253300,305000,378000,471500
2009,Q3,Bukit Timah,*,*,*,*
2009,Q3,Central,360000,*,*,-
2009,Q3,Choa Chu Kang,*,330000,385000,463000
2009,Q3,Clementi,280000,415000,532500,*
2009,Q3,Geylang,243800,372000,541000,*
2009,Q3,Hougang,250000,333000,408000,495000
2009,Q3,Jurong East,259500,335000,442000,535000
2009,Q3,Jurong West,235000,327000,400000,459000
2009,Q3,Kallang/Whampoa,270000,410000,530000,*
2009,Q3,Marine Parade,332000,*,*,-
2009,Q3,Pasir Ris,-,348000,400000,488000
2009,Q3,Punggol,-,352000,415000,*
2009,Q3,Queenstown,277500,523000,*,*
2009,Q3,Sembawang,-,340000,384000,435000
2009,Q3,Sengkang,-,352000,407500,480000
2009,Q3,Serangoon,268000,355000,426000,495000
2009,Q3,Tampines,282000,362000,415000,520000
2009,Q3,Toa Payoh,280000,406500,549000,*
2009,Q3,Woodlands,225500,310000,365000,451000
2009,Q3,Yishun,240000,292000,390000,440000
2009,Q2,Ang Mo Kio,256500,355500,488000,*
2009,Q2,Bedok,245000,330000,430000,497500
2009,Q2,Bishan,296900,399000,505000,590000
2009,Q2,Bukit Batok,243000,360000,459000,485000
2009,Q2,Bukit Merah,285000,461900,590000,-
2009,Q2,Bukit Panjang,232500,300000,377000,483000
2009,Q2,Bukit Timah,*,*,*,*
2009,Q2,Central,320000,446400,*,-
2009,Q2,Choa Chu Kang,225500,315000,368000,436500
2009,Q2,Clementi,272000,400000,506000,*
2009,Q2,Geylang,232000,363000,476900,*
2009,Q2,Hougang,240000,325000,386500,473900
2009,Q2,Jurong East,250000,330000,433500,543500
2009,Q2,Jurong West,223000,310300,388000,440000
2009,Q2,Kallang/Whampoa,257000,396000,515000,*
2009,Q2,Marine Parade,320000,*,620000,-
2009,Q2,Pasir Ris,-,339500,388000,485000
2009,Q2,Punggol,-,342000,395000,462900
2009,Q2,Queenstown,280000,479000,619000,*
2009,Q2,Sembawang,-,320000,365000,425000
2009,Q2,Sengkang,-,333000,386300,460000
2009,Q2,Serangoon,243500,335000,407500,480000
2009,Q2,Tampines,270000,351000,400000,490000
2009,Q2,Toa Payoh,268000,414000,535000,*
2009,Q2,Woodlands,213000,300000,350000,420000
2009,Q2,Yishun,231000,280000,370000,425000
2009,Q1,Ang Mo Kio,246000,340000,490000,*
2009,Q1,Bedok,235000,313000,430000,495000
2009,Q1,Bishan,288000,392000,515000,596800
2009,Q1,Bukit Batok,235000,345000,439500,488000
2009,Q1,Bukit Merah,275000,454000,555000,-
2009,Q1,Bukit Panjang,225000,295000,370000,420000
2009,Q1,Bukit Timah,*,*,*,*
2009,Q1,Central,306300,418900,*,-
2009,Q1,Choa Chu Kang,216000,304500,360000,427000
2009,Q1,Clementi,265000,388000,495000,*
2009,Q1,Geylang,215000,371000,457500,*
2009,Q1,Hougang,233000,306000,375000,460000
2009,Q1,Jurong East,240000,320000,446000,475000
2009,Q1,Jurong West,212000,301000,372000,420000
2009,Q1,Kallang/Whampoa,244000,386000,520000,*
2009,Q1,Marine Parade,300000,*,*,-
2009,Q1,Pasir Ris,-,326500,385000,471000
2009,Q1,Punggol,-,334500,388000,*
2009,Q1,Queenstown,275000,458000,588000,*
2009,Q1,Sembawang,-,313000,362000,416000
2009,Q1,Sengkang,-,326000,376900,455000
2009,Q1,Serangoon,228000,333000,404000,474000
2009,Q1,Tampines,260000,340000,393000,482500
2009,Q1,Toa Payoh,260000,405000,527500,*
2009,Q1,Woodlands,198100,288000,340000,419500
2009,Q1,Yishun,221000,270000,365000,440000
2008,Q4,Ang Mo Kio,244400,338000,*,*
2008,Q4,Bedok,230000,312000,420000,*
2008,Q4,Bishan,*,401000,511000,*
2008,Q4,Bukit Batok,230000,310000,450000,*
2008,Q4,Bukit Merah,270000,450000,555000,-
2008,Q4,Bukit Panjang,*,285000,366300,*
2008,Q4,Bukit Timah,*,*,*,-
2008,Q4,Central,310000,*,-,-
2008,Q4,Choa Chu Kang,*,300000,356000,420000
2008,Q4,Clementi,260000,326000,*,*
2008,Q4,Geylang,218000,325000,*,*
2008,Q4,Hougang,228000,308000,375500,450000
2008,Q4,Jurong East,233500,305000,388000,*
2008,Q4,Jurong West,207000,292000,367000,400000
2008,Q4,Kallang/Whampoa,245000,383000,505000,*
2008,Q4,Marine Parade,321500,*,*,-
2008,Q4,Pasir Ris,*,325000,375000,485000
2008,Q4,Punggol,-,330000,392000,*
2008,Q4,Queenstown,263500,465000,*,-
2008,Q4,Sembawang,-,310000,356500,*
2008,Q4,Sengkang,-,328000,370000,455000
2008,Q4,Serangoon,243000,329000,*,*
2008,Q4,Tampines,258500,331000,388000,471000
2008,Q4,Toa Payoh,247500,350000,500000,*
2008,Q4,Woodlands,200000,285000,336000,415000
2008,Q4,Yishun,217000,258900,340000,*
2008,Q3,Ang Mo Kio,246000,341000,468800,*
2008,Q3,Bedok,232000,315000,420000,*
2008,Q3,Bishan,285000,407000,517500,*
2008,Q3,Bukit Batok,230000,328000,472500,*
2008,Q3,Bukit Merah,270000,463000,550000,-
2008,Q3,Bukit Panjang,218000,289500,360000,*
2008,Q3,Bukit Timah,*,*,*,*
2008,Q3,Central,*,*,-,-
2008,Q3,Choa Chu Kang,*,301500,362000,423000
2008,Q3,Clementi,253000,390000,*,*
2008,Q3,Geylang,215000,325000,*,*
2008,Q3,Hougang,231000,309000,385000,471300
2008,Q3,Jurong East,236000,311500,429000,*
2008,Q3,Jurong West,209000,294500,361000,420500
2008,Q3,Kallang/Whampoa,250000,404000,536000,*
2008,Q3,Marine Parade,325000,*,*,-
2008,Q3,Pasir Ris,177000,328500,389500,469000
2008,Q3,Punggol,-,337000,392000,*
2008,Q3,Queenstown,258500,472500,*,*
2008,Q3,Sembawang,-,306000,364000,*
2008,Q3,Sengkang,-,325000,380000,460000
2008,Q3,Serangoon,238000,324000,388500,*
2008,Q3,Tampines,256000,334000,385000,489300
2008,Q3,Toa Payoh,256000,412000,539000,*
2008,Q3,Woodlands,199000,285000,340000,420000
2008,Q3,Yishun,217000,260000,360000,396300
2008,Q2,Ang Mo Kio,238900,333000,468000,-
2008,Q2,Bedok,223000,305000,430000,471000
2008,Q2,Bishan,*,390000,537500,*
2008,Q2,Bukit Batok,222500,335000,441400,470000
2008,Q2,Bukit Merah,270000,438300,572000,-
2008,Q2,Bukit Panjang,207000,284000,360000,457500
2008,Q2,Bukit Timah,*,*,*,*
2008,Q2,Central,310000,*,*,-
2008,Q2,Choa Chu Kang,*,299000,358800,413000
2008,Q2,Clementi,247000,367000,*,*
2008,Q2,Geylang,205500,364000,*,*
2008,Q2,Hougang,225000,303000,380000,462000
2008,Q2,Jurong East,227500,308500,418000,465000
2008,Q2,Jurong West,197500,294500,363000,406000
2008,Q2,Kallang/Whampoa,241000,400900,520000,*
2008,Q2,Marine Parade,313000,*,632500,-
2008,Q2,Pasir Ris,*,320000,375000,500500
2008,Q2,Punggol,-,327000,391500,*
2008,Q2,Queenstown,272000,481000,*,*
2008,Q2,Sembawang,-,300800,355000,*
2008,Q2,Sengkang,-,320000,374000,458000
2008,Q2,Serangoon,231500,325000,414000,485000
2008,Q2,Tampines,252000,330000,395000,488000
2008,Q2,Toa Payoh,251500,397000,553000,*
2008,Q2,Woodlands,192000,283400,330000,420000
2008,Q2,Yishun,203000,251000,338000,*
2008,Q1,Ang Mo Kio,230000,321000,471900,*
2008,Q1,Bedok,215000,290500,430000,*
2008,Q1,Bishan,275000,382500,515600,590000
2008,Q1,Bukit Batok,210000,303000,450000,457500
2008,Q1,Bukit Merah,255000,421400,585000,-
2008,Q1,Bukit Panjang,197000,281500,349500,420000
2008,Q1,Bukit Timah,*,*,*,*
2008,Q1,Central,311000,*,-,-
2008,Q1,Choa Chu Kang,*,282000,342000,415000
2008,Q1,Clementi,240000,365000,*,*
2008,Q1,Geylang,198000,346900,437500,*
2008,Q1,Hougang,212900,295000,376500,460000
2008,Q1,Jurong East,208500,293500,386400,550000
2008,Q1,Jurong West,187800,274000,348000,382000
2008,Q1,Kallang/Whampoa,225000,379000,484000,*
2008,Q1,Marine Parade,302800,*,*,-
2008,Q1,Pasir Ris,-,310000,370000,470000
2008,Q1,Punggol,-,317000,385000,*
2008,Q1,Queenstown,245000,458000,617500,*
2008,Q1,Sembawang,-,288000,345000,405000
2008,Q1,Sengkang,-,310000,368000,448000
2008,Q1,Serangoon,225000,308000,393000,467000
2008,Q1,Tampines,243000,317500,385000,486000
2008,Q1,Toa Payoh,235000,396500,538000,*
2008,Q1,Woodlands,183000,268000,322000,400000
2008,Q1,Yishun,195500,235000,325000,372000
2007,Q4,Ang Mo Kio,215000,313500,435500,*
2007,Q4,Bedok,202000,271500,423000,*
2007,Q4,Bishan,*,373000,500000,*
2007,Q4,Bukit Batok,198000,331000,450000,*
2007,Q4,Bukit Merah,243000,432800,560000,-
2007,Q4,Bukit Panjang,*,252000,330000,*
2007,Q4,Bukit Timah,-,*,*,*
2007,Q4,Central,300000,*,*,-
2007,Q4,Choa Chu Kang,*,273000,328000,414000
2007,Q4,Clementi,225000,351500,490000,*
2007,Q4,Geylang,187500,322500,*,*
2007,Q4,Hougang,200000,276000,365000,434000
2007,Q4,Jurong East,198800,280000,356500,*
2007,Q4,Jurong West,175000,258000,330000,362500
2007,Q4,Kallang/Whampoa,224000,360000,500000,*
2007,Q4,Marine Parade,288500,*,*,-
2007,Q4,Pasir Ris,*,293000,345000,470000
2007,Q4,Punggol,-,305000,365000,*
2007,Q4,Queenstown,230000,465000,620000,*
2007,Q4,Sembawang,-,272000,325500,*
2007,Q4,Sengkang,-,298000,345000,429000
2007,Q4,Serangoon,201000,299000,390000,*
2007,Q4,Tampines,228000,307500,380000,466500
2007,Q4,Toa Payoh,225000,360000,519300,*
2007,Q4,Woodlands,172000,254500,311500,395500
2007,Q4,Yishun,185000,230000,311000,*
2007,Q3,Ang Mo Kio,203000,307000,423000,*
2007,Q3,Bedok,193000,257000,400000,*
2007,Q3,Bishan,*,340500,480000,*
2007,Q3,Bukit Batok,183000,305000,430000,431800
2007,Q3,Bukit Merah,230000,428000,573000,-
2007,Q3,Bukit Panjang,178000,249000,319000,*
2007,Q3,Bukit Timah,*,*,*,*
2007,Q3,Central,300000,*,-,-
2007,Q3,Choa Chu Kang,169800,253000,313000,380000
2007,Q3,Clementi,210000,335000,484500,*
2007,Q3,Geylang,185000,271500,*,*
2007,Q3,Hougang,184000,263000,349000,416000
2007,Q3,Jurong East,190800,267000,390000,*
2007,Q3,Jurong West,170000,242000,315000,360000
2007,Q3,Kallang/Whampoa,212000,353000,461500,*
2007,Q3,Marine Parade,290000,360000,*,-
2007,Q3,Pasir Ris,-,275500,340500,455000
2007,Q3,Punggol,-,293000,358000,*
2007,Q3,Queenstown,220000,425000,591000,*
2007,Q3,Sembawang,-,257500,308000,*
2007,Q3,Sengkang,-,281000,334000,421300
2007,Q3,Serangoon,187000,275500,350000,*
2007,Q3,Tampines,222000,293000,350000,446000
2007,Q3,Toa Payoh,215000,335000,525000,*
2007,Q3,Woodlands,161300,248000,300000,380200
2007,Q3,Yishun,178000,218000,288000,*
2007,Q2,Ang Mo Kio,190000,280000,420800,*
2007,Q2,Bedok,183000,246000,385500,437000
2007,Q2,Bishan,*,328000,441900,*
2007,Q2,Bukit Batok,169000,260900,380000,380000
2007,Q2,Bukit Merah,210000,396500,530000,-
2007,Q2,Bukit Panjang,162000,225800,292000,393000
2007,Q2,Bukit Timah,*,*,*,*
2007,Q2,Central,281500,*,*,-
2007,Q2,Choa Chu Kang,*,246000,300000,372000
2007,Q2,Clementi,206500,302500,*,*
2007,Q2,Geylang,168500,283000,385400,*
2007,Q2,Hougang,180000,250500,318000,406000
2007,Q2,Jurong East,177000,246500,331000,*
2007,Q2,Jurong West,162000,240500,300000,306000
2007,Q2,Kallang/Whampoa,194000,307500,423000,*
2007,Q2,Marine Parade,275000,*,*,-
2007,Q2,Pasir Ris,-,260000,310000,420000
2007,Q2,Punggol,-,271000,328000,*
2007,Q2,Queenstown,197000,410000,603000,*
2007,Q2,Sembawang,-,250400,297000,352000
2007,Q2,Sengkang,-,260000,316000,346000
2007,Q2,Serangoon,183000,253000,329000,415000
2007,Q2,Tampines,209500,280000,340000,432000
2007,Q2,Toa Payoh,205500,360000,448000,*
2007,Q2,Woodlands,158000,238000,285000,362500
2007,Q2,Yishun,164000,203000,282000,355000
2007,Q1,Ang Mo Kio,172000,260000,372000,*
2007,Q1,Bedok,172000,224500,332000,420000
2007,Q1,Bishan,205000,311500,400000,475000
2007,Q1,Bukit Batok,160000,234000,358800,370800
2007,Q1,Bukit Merah,200000,371000,474000,-
2007,Q1,Bukit Panjang,155500,220500,280000,344000
2007,Q1,Bukit Timah,*,*,*,*
2007,Q1,Central,246500,341000,436000,-
2007,Q1,Choa Chu Kang,*,232000,283800,349000
2007,Q1,Clementi,185000,302200,*,*
2007,Q1,Geylang,162500,265000,386000,*
2007,Q1,Hougang,166500,235000,314000,361500
2007,Q1,Jurong East,168000,237000,298500,408000
2007,Q1,Jurong West,151500,223000,290000,312000
2007,Q1,Kallang/Whampoa,173000,295000,417500,*
2007,Q1,Marine Parade,240000,*,*,-
2007,Q1,Pasir Ris,*,245000,293300,362000
2007,Q1,Punggol,-,252500,307000,*
2007,Q1,Queenstown,186500,388000,500000,*
2007,Q1,Sembawang,-,240000,287000,334000
2007,Q1,Sengkang,-,245000,300000,339500
2007,Q1,Serangoon,169000,242000,312500,389000
2007,Q1,Tampines,192000,263000,310000,399000
2007,Q1,Toa Payoh,195000,337500,440000,445000
2007,Q1,Woodlands,152500,225500,278000,350000
2007,Q1,Yishun,159000,200000,273800,331500
